,AutoCorrelation,CfsSubsetEval_DecisionStumpAUC,CfsSubsetEval_DecisionStumpErrRate,CfsSubsetEval_DecisionStumpKappa,CfsSubsetEval_NaiveBayesAUC,CfsSubsetEval_NaiveBayesErrRate,CfsSubsetEval_NaiveBayesKappa,CfsSubsetEval_kNN1NAUC,CfsSubsetEval_kNN1NErrRate,CfsSubsetEval_kNN1NKappa,ClassEntropy,DecisionStumpAUC,DecisionStumpErrRate,DecisionStumpKappa,Dimensionality,EquivalentNumberOfAtts,J48.00001.AUC,J48.00001.ErrRate,J48.00001.Kappa,J48.0001.AUC,J48.0001.ErrRate,J48.0001.Kappa,J48.001.AUC,J48.001.ErrRate,J48.001.Kappa,MajorityClassPercentage,MajorityClassSize,MaxAttributeEntropy,MaxKurtosisOfNumericAtts,MaxMeansOfNumericAtts,MaxMutualInformation,MaxNominalAttDistinctValues,MaxSkewnessOfNumericAtts,MaxStdDevOfNumericAtts,MeanAttributeEntropy,MeanKurtosisOfNumericAtts,MeanMeansOfNumericAtts,MeanMutualInformation,MeanNoiseToSignalRatio,MeanNominalAttDistinctValues,MeanSkewnessOfNumericAtts,MeanStdDevOfNumericAtts,MinAttributeEntropy,MinKurtosisOfNumericAtts,MinMeansOfNumericAtts,MinMutualInformation,MinNominalAttDistinctValues,MinSkewnessOfNumericAtts,MinStdDevOfNumericAtts,MinorityClassPercentage,MinorityClassSize,NaiveBayesAUC,NaiveBayesErrRate,NaiveBayesKappa,NumberOfBinaryFeatures,NumberOfClasses,NumberOfFeatures,NumberOfInstances,NumberOfInstancesWithMissingValues,NumberOfMissingValues,NumberOfNumericFeatures,NumberOfSymbolicFeatures,PercentageOfBinaryFeatures,PercentageOfInstancesWithMissingValues,PercentageOfMissingValues,PercentageOfNumericFeatures,PercentageOfSymbolicFeatures,Quartile1AttributeEntropy,Quartile1KurtosisOfNumericAtts,Quartile1MeansOfNumericAtts,Quartile1MutualInformation,Quartile1SkewnessOfNumericAtts,Quartile1StdDevOfNumericAtts,Quartile2AttributeEntropy,Quartile2KurtosisOfNumericAtts,Quartile2MeansOfNumericAtts,Quartile2MutualInformation,Quartile2SkewnessOfNumericAtts,Quartile2StdDevOfNumericAtts,Quartile3AttributeEntropy,Quartile3KurtosisOfNumericAtts,Quartile3MeansOfNumericAtts,Quartile3MutualInformation,Quartile3SkewnessOfNumericAtts,Quartile3StdDevOfNumericAtts,REPTreeDepth1AUC,REPTreeDepth1ErrRate,REPTreeDepth1Kappa,REPTreeDepth2AUC,REPTreeDepth2ErrRate,REPTreeDepth2Kappa,REPTreeDepth3AUC,REPTreeDepth3ErrRate,REPTreeDepth3Kappa,RandomTreeDepth1AUC,RandomTreeDepth1ErrRate,RandomTreeDepth1Kappa,RandomTreeDepth2AUC,RandomTreeDepth2ErrRate,RandomTreeDepth2Kappa,RandomTreeDepth3AUC,RandomTreeDepth3ErrRate,RandomTreeDepth3Kappa,StdvNominalAttDistinctValues,kNN1NAUC,kNN1NErrRate,kNN1NKappa,id
0,0.9990610328638497,0.9619120657405762,0.05913642052565707,0.8811920214059075,0.9619120657405762,0.05913642052565707,0.8811920214059075,0.9619120657405762,0.05913642052565707,0.8811920214059075,0.9985755386554582,0.6714034536324981,0.33948685857321653,0.3396437687719142,0.011576971214017523,52.14040169716265,0.9960622907889662,0.007822277847309137,0.9843258097219999,0.9960622907889662,0.007822277847309137,0.9843258097219999,0.9960622907889662,0.007822277847309137,0.9843258097219999,52.221526908635795,1669.0,0.9956521852360185,,,0.19826687955488,3.0,,,0.5901482912442314,,,0.01915166562113,29.814462977732955,2.027027027027027,,,0.004094030352641959,,,1.18053e-09,2.0,,,47.778473091364205,1527.0,0.9520419938608541,0.12108886107634544,0.7569708778154078,35.0,2.0,37.0,3196.0,0.0,0.0,0.0,37.0,94.5945945945946,0.0,0.0,0.0,100.0,0.28756000355035294,,,0.000777595577705,,,0.6794996247614244,,,0.00542648921343,,,0.9132329806576945,,,0.0184861208375775,,,0.997615519019934,0.01376720901126408,0.972417266903898,0.997615519019934,0.01376720901126408,0.972417266903898,0.997615519019934,0.01376720901126408,0.972417266903898,0.9451363376145694,0.05444305381727159,0.8908498653739637,0.9451363376145694,0.05444305381727159,0.8908498653739637,0.9451363376145694,0.05444305381727159,0.8908498653739637,0.1643989873053572,0.9728427352982838,0.06914893617021277,0.8609676573571107,3
1,0.04090204510225511,0.9425298055650914,0.15215,0.841756863867533,0.9425298055650914,0.15215,0.841756863867533,0.9425298055650914,0.15215,0.841756863867533,4.69981072657316,0.6574545268026781,0.9293,0.03276976655404448,0.00085,,0.9379676053125593,0.15865,0.8349979241615618,0.9379676053125593,0.15865,0.8349979241615618,0.9379676053125593,0.15865,0.8349979241615618,4.0649999999999995,813.0,,2.075245046157538,8.338849999999995,,26.0,1.1599750154235924,3.304555303560269,,0.6977379005298701,5.925465624999998,,,26.0,0.29029703410184804,2.273771145446362,,-0.4211788221168451,3.046099999999995,,26.0,-0.31007906987268463,1.5467224363199539,3.6700000000000004,734.0,0.9559207236903551,0.36025,0.6253250509940796,0.0,26.0,17.0,20000.0,0.0,0.0,16.0,1.0,0.0,0.0,0.0,94.11764705882352,5.88235294117647,,0.3091324958538607,4.174812499999999,,-0.13733042812365298,2.017438812826727,,0.8853044390128566,5.913225000000001,,0.2543345879398813,2.2933721022270195,,1.1728389823381402,7.7260124999999995,,0.653378002627639,2.5474231354919117,0.9544303249787935,0.20315,0.7887152321892192,0.9544303249787935,0.20315,0.7887152321892192,0.9544303249787935,0.20315,0.7887152321892192,0.9080139521161272,0.1769,0.816017080292,0.9080139521161272,0.1769,0.816017080292,0.9080139521161272,0.1769,0.816017080292,0.0,0.9731018928391187,0.05785,0.939833878217649,6
2,0.6971153846153846,0.8406824596109461,0.1984,0.6373963655418936,0.8406824596109461,0.1984,0.6373963655418936,0.8406824596109461,0.1984,0.6373963655418936,1.318116246441582,0.6469194362017804,0.376,0.3026706231454006,0.008,,0.8406824596109461,0.1984,0.6373963655418936,0.8406824596109461,0.1984,0.6373963655418936,0.8406824596109461,0.1984,0.6373963655418936,46.08,288.0,,-1.300798439249971,3.0,,3.0,0.0,1.4153462926807447,,-1.3007984392499752,3.0,,,3.0,0.0,1.4153462926807447,,-1.3007984392499798,3.0,,3.0,0.0,1.4153462926807447,7.84,49.0,0.9630951121002308,0.104,0.8071216617210683,0.0,3.0,5.0,625.0,0.0,0.0,4.0,1.0,0.0,0.0,0.0,80.0,20.0,,-1.3007984392499787,3.0,,0.0,1.4153462926807447,,-1.300798439249975,3.0,,0.0,1.4153462926807447,,-1.3007984392499718,3.0,,0.0,1.4153462926807447,0.8525668273986152,0.2144,0.602373887240356,0.8525668273986152,0.2144,0.602373887240356,0.8525668273986152,0.2144,0.602373887240356,0.834430637982196,0.2144,0.6257317781650802,0.834430637982196,0.2144,0.6257317781650802,0.834430637982196,0.2144,0.6257317781650802,0.0,0.9232008696010551,0.1648,0.7027931671283473,11
3,0.9954977488744372,0.9360315277777779,0.1335,0.8516666666666667,0.9360315277777779,0.1335,0.8516666666666667,0.9360315277777779,0.1335,0.8516666666666667,3.321928094887362,0.7207469444444443,0.8065,0.10388888888888889,0.1085,,0.9277102777777778,0.1375,0.8472222222222223,0.9277102777777778,0.1375,0.8472222222222223,0.9277102777777778,0.1375,0.8472222222222223,10.0,200.0,,1.7012862999932459,1141.5704999999996,,10.0,0.8630705307139119,153.51158138902838,,-0.315188200704828,318.2703888888889,,,10.0,0.027560516903782382,49.58131318395632,,-1.3893209589478623,6.7674999999999965,,10.0,-1.0738237890694697,1.9854850353031415,10.0,200.0,0.9919074999999999,0.0765,0.915,0.0,10.0,217.0,2000.0,0.0,0.0,216.0,1.0,0.0,0.0,0.0,99.53917050691244,0.4608294930875576,,-0.6970467475463484,14.118125000000006,,-0.2190263674003187,5.542689317909613,,-0.40269116562873153,146.4797499999999,,-0.014119361298266794,30.290065676946117,,0.01138630535997398,684.5027499999998,,0.36651259782511425,91.59687126428517,0.9486284722222221,0.1575,0.8250000000000001,0.9486284722222221,0.1575,0.8250000000000001,0.9486284722222221,0.1575,0.8250000000000001,0.8927777777777776,0.193,0.7855555555555556,0.8927777777777776,0.193,0.7855555555555556,0.8927777777777776,0.193,0.7855555555555556,0.0,0.9753261111111112,0.044,0.951111111111111,12
4,0.9954977488744372,0.8794304166666665,0.254,0.7177777777777777,0.8794304166666665,0.254,0.7177777777777777,0.8794304166666665,0.254,0.7177777777777777,3.321928094887362,0.72435,0.8045,0.10611111111111111,0.0385,,0.8594219444444444,0.282,0.6866666666666666,0.8594219444444444,0.282,0.6866666666666666,0.8594219444444444,0.282,0.6866666666666666,10.0,200.0,,1.994922620258805,0.37731057175,,10.0,1.029985534649324,0.17623067063193093,,0.11900628082326806,0.13203208401769737,,,10.0,0.5447006835842777,0.0671079516668835,,-1.1252793103314485,0.07169202572,,10.0,-0.12062462029872044,0.037555498917336186,10.0,200.0,0.9626375,0.2465,0.726111111111111,0.0,10.0,77.0,2000.0,0.0,0.0,76.0,1.0,0.0,0.0,0.0,98.7012987012987,1.2987012987012987,,-0.17890148800194938,0.0863261346625,,0.4089907636277701,0.04270430540290948,,0.06302301358113738,0.1064998764125,,0.5542281675523084,0.052759297535721755,,0.4381040236923678,0.15576810663375001,,0.7107847694791952,0.08633520114293441,0.9261233333333333,0.2845,0.6838888888888889,0.9261233333333333,0.2845,0.6838888888888889,0.9261233333333333,0.2845,0.6838888888888889,0.7913888888888889,0.3755,0.5827777777777778,0.7913888888888889,0.3755,0.5827777777777778,0.7913888888888889,0.3755,0.5827777777777778,0.0,0.8825091666666666,0.2115,0.765,14
5,0.6318051575931232,0.9269600826251608,0.055793991416309016,0.876873811577773,0.9269600826251608,0.055793991416309016,0.876873811577773,0.9269600826251608,0.055793991416309016,0.876873811577773,0.9293179372497983,0.9249080432694923,0.08869814020028613,0.8107527445175151,0.01430615164520744,,0.9269600826251608,0.055793991416309016,0.876873811577773,0.9269600826251608,0.055793991416309016,0.876873811577773,0.9269600826251608,0.055793991416309016,0.876873811577773,65.52217453505007,458.0,,12.6578780670256,4.417739628040058,,2.0,3.560657844495268,3.643857160492903,,1.6841150960407236,3.1357041002822355,,,2.0,1.477488666731089,2.7510805456186183,,-0.7988441354436415,1.589413447782546,,2.0,0.5928585326862892,1.7150779425067932,34.47782546494993,241.0,0.9883078465880973,0.04005722460658083,0.9125445722405428,1.0,2.0,10.0,699.0,16.0,16.0,9.0,1.0,10.0,2.28898426323319,0.22889842632331905,90.0,10.0,,-0.3083522161398966,2.836909871244634,,1.0449923682055797,2.3263320694866376,,0.18462131150511896,3.2074391988555093,,1.233136557961704,2.85537923921701,,1.57850674634774,3.49121208503258,,1.618319946298536,3.0525465017834734,0.952780445378608,0.055793991416309016,0.8756551129599474,0.952780445378608,0.055793991416309016,0.8756551129599474,0.952780445378608,0.055793991416309016,0.8756551129599474,0.9516904855835366,0.044349070100143065,0.9017452695441621,0.9516904855835366,0.044349070100143065,0.9017452695441621,0.9516904855835366,0.044349070100143065,0.9017452695441621,0.0,0.9752215115330954,0.04291845493562232,0.9044446672195541,15
6,0.9954977488744372,0.8933529166666667,0.2105,0.7661111111111111,0.8933529166666667,0.2105,0.7661111111111111,0.8933529166666667,0.2105,0.7661111111111111,3.321928094887362,0.6936666666666667,0.8045,0.10611111111111111,0.0325,,0.8896487500000001,0.21,0.7666666666666667,0.8896487500000001,0.21,0.7666666666666667,0.8896487500000001,0.21,0.7666666666666667,10.0,200.0,,0.580942601366925,2.891171124290001,,10.0,0.4187220480956684,7.691305182325387,,-0.045654845752496065,0.053084739246640686,,,10.0,-0.004285662607736754,2.152662828702679,,-0.944709265915264,-1.8197072740500002,,10.0,-0.3391130927319128,0.8923441138647591,10.0,200.0,0.9956313888888889,0.068,0.9244444444444445,0.0,10.0,65.0,2000.0,0.0,0.0,64.0,1.0,0.0,0.0,0.0,98.46153846153847,1.5384615384615385,,-0.14952953711034322,-0.29841679518749986,,-0.10420201025097077,1.1438482801014436,,-0.017345885787890536,0.004483087817499813,,-0.020815908469464905,1.6476505065816718,,0.07165494057478039,0.33246113886500006,,0.0591765364965291,2.6614803695239697,0.9227765277777779,0.2055,0.7716666666666666,0.9227765277777779,0.2055,0.7716666666666666,0.9227765277777779,0.2055,0.7716666666666666,0.83,0.306,0.6599999999999999,0.83,0.306,0.6599999999999999,0.83,0.306,0.6599999999999999,0.0,0.972274861111111,0.05,0.9444444444444444,16
7,0.9954977488744372,0.9114204166666667,0.295,0.6722222222222222,0.9114204166666667,0.295,0.6722222222222222,0.9114204166666667,0.295,0.6722222222222222,3.321928094887362,0.7612499999999999,0.8015,0.10944444444444444,0.0035,,0.9114204166666667,0.295,0.6722222222222222,0.9114204166666667,0.295,0.6722222222222222,0.9114204166666667,0.295,0.6722222222222222,10.0,200.0,,0.0794938700561878,6155.200435156556,,10.0,1.0084830014756712,3757.634467006599,,-0.536236922624337,1052.6997316402776,,,10.0,0.5315671843447396,630.90708251402,,-1.0383559313284294,0.49249999999999505,,10.0,-0.06283666261436584,0.2913157171953473,10.0,200.0,0.9512127777777779,0.2995,0.6672222222222223,0.0,10.0,7.0,2000.0,0.0,0.0,6.0,1.0,0.0,0.0,0.0,85.71428571428571,14.285714285714285,,-0.8692491113871175,0.6582499999999927,,0.21477131477248879,0.571544999056086,,-0.6352635311790746,1.686534392555002,,0.6245331546193721,0.9208719889146832,,-0.11149071301766611,1656.114273214139,,0.7676581134191288,958.1661269687643,0.9442476388888889,0.2935,0.6738888888888889,0.9442476388888889,0.2935,0.6738888888888889,0.9442476388888889,0.2935,0.6738888888888889,0.8167275,0.3345,0.6283333333333333,0.8167275,0.3345,0.6283333333333333,0.8167275,0.3345,0.6283333333333333,0.0,0.8227808333333333,0.3295,0.6338888888888888,18
8,0.9954977488744372,0.8614040277777776,0.314,0.6511111111111112,0.8614040277777776,0.314,0.6511111111111112,0.8614040277777776,0.314,0.6511111111111112,3.321928094887362,0.6806197222222223,0.806,0.10444444444444444,0.024,,0.8609231944444445,0.3195,0.645,0.8609231944444445,0.3195,0.645,0.8609231944444445,0.3195,0.645,10.0,200.0,,4.370101298879665,508.902571633625,,10.0,1.794599514537336,124.19249364407266,,0.7353956813037765,88.63642941472712,,,10.0,0.7908300764747563,40.1254529217552,,-0.9914117205299373,0.07855426092,,10.0,0.005491522368602323,0.0665520027146517,10.0,200.0,0.9590269444444445,0.2705,0.6994444444444445,0.0,10.0,48.0,2000.0,0.0,0.0,47.0,1.0,0.0,0.0,0.0,97.91666666666666,2.083333333333333,,-0.4612428052581321,7.537383493435,,0.37904887836339535,3.7579900876369465,,0.444046398140002,69.881896744535,,0.7415928908678675,37.878377911282136,,1.8699835840120702,126.83265674023002,,1.2548334728305888,65.21134486568818,0.8958765277777778,0.3295,0.6338888888888888,0.8958765277777778,0.3295,0.6338888888888888,0.8958765277777778,0.3295,0.6338888888888888,0.7797222222222222,0.3965,0.5594444444444445,0.7797222222222222,0.3965,0.5594444444444445,0.7797222222222222,0.3965,0.5594444444444445,0.0,0.8854525,0.2065,0.7705555555555555,22
9,0.9966032608695652,0.6599986009904834,0.4894772572980312,0.2302758889602379,0.6599986009904834,0.4894772572980312,0.2302758889602379,0.6599986009904834,0.4894772572980312,0.2302758889602379,1.5390345832497478,0.5552950487800741,0.572980312287848,0.0,0.006788866259334691,53.274885238451205,0.6520164081542908,0.5044127630685675,0.21816403682727648,0.6520164081542908,0.5044127630685675,0.21816403682727648,0.6520164081542908,0.5044127630685675,0.21816403682727648,42.701968771215206,629.0,1.8667550694041894,1.5296065513316615,32.53835709436525,0.07090633894894,4.0,1.0990139461060884,8.227244755470613,1.2208122969788784,0.2928560302339025,17.89986422267482,0.028888557457444283,41.259372029124556,3.125,0.6777315757939906,5.2928968090790125,0.380671663040156,-0.9438944908638565,3.2613713509843865,0.00258233237972,2.0,0.25644920548189276,2.3585488626874125,22.606924643584524,333.0,0.6798006519603141,0.506449422946368,0.2336054769068532,3.0,3.0,10.0,1473.0,0.0,0.0,2.0,8.0,30.0,0.0,0.0,20.0,80.0,0.6082239803272842,-0.9438944908638565,3.2613713509843865,0.00982050143438,0.25644920548189276,2.3585488626874125,1.4479885111323352,0.2928560302339025,17.899864222674818,0.03047421456026,0.6777315757939906,5.2928968090790125,1.757839343635201,1.5296065513316615,32.53835709436525,0.04013859922938,1.0990139461060884,8.227244755470613,0.6719876165083715,0.4881194840461643,0.24500740673149984,0.6719876165083715,0.4881194840461643,0.24500740673149984,0.6719876165083715,0.4881194840461643,0.24500740673149984,0.6012886776675508,0.5207060420909708,0.19342354382447932,0.6012886776675508,0.5207060420909708,0.19342354382447932,0.6012886776675508,0.5207060420909708,0.19342354382447932,0.9910312089651149,0.5810647503679196,0.551255940257977,0.14890873693558304,23
10,0.09254315714539954,0.9437785420246294,0.11583629893238434,0.8712880928662626,0.9437785420246294,0.11583629893238434,0.8712880928662626,0.9437785420246294,0.11583629893238434,0.8712880928662626,3.3218327248667654,0.685478631752301,0.801779359430605,0.10895524656780008,0.011565836298932384,,0.9421672139708684,0.1202846975088968,0.8663455402192581,0.9421672139708684,0.1202846975088968,0.8663455402192581,0.9421672139708684,0.1202846975088968,0.8663455402192581,10.177935943060499,572.0,,2807.4985758153466,11.989679715302495,,10.0,52.99527777138423,6.518238490323084,,168.55386930105925,4.911243327402135,,,10.0,5.451185659375441,3.6862924649286315,,-1.646519852942154,0.0,,10.0,-1.3029924517157276,0.0,9.857651245551601,554.0,0.9840879237555247,0.0905693950177936,0.8993684540095387,0.0,10.0,65.0,5620.0,0.0,0.0,64.0,1.0,0.0,0.0,0.0,98.46153846153847,1.5384615384615385,,-1.3729913768757025,0.26103202846975304,,-0.32992700595175056,0.9671170904003787,,0.07721647432773548,4.565569395017791,,0.5599451157139905,4.3017468979243105,,20.296405116214235,9.04915480427047,,4.0666119739712565,5.86637152935096,0.956425400938372,0.14323843416370108,0.8408389053730106,0.956425400938372,0.14323843416370108,0.8408389053730106,0.956425400938372,0.14323843416370108,0.8408389053730106,0.910334820783592,0.1613879003558719,0.8206798583827717,0.910334820783592,0.1613879003558719,0.8206798583827717,0.910334820783592,0.1613879003558719,0.8206798583827717,0.0,0.990615669145613,0.016903914590747332,0.9812174550809054,28
11,0.9782293178519593,0.8776120291543702,0.14347826086956522,0.7101750574897961,0.8776120291543702,0.14347826086956522,0.7101750574897961,0.8776120291543702,0.14347826086956522,0.7101750574897961,0.9912308989033523,0.8590375996121823,0.14492753623188406,0.7116180318139644,0.02318840579710145,10.987754965826467,0.8928568391151631,0.1608695652173913,0.6739935471238732,0.8928568391151631,0.1608695652173913,0.6739935471238732,0.8928568391151631,0.1608695652173913,0.6739935471238732,55.507246376811594,383.0,3.4964402118046265,214.66997242752777,1017.3855072463792,0.42570942667283,14.0,13.140655014445356,5210.102598302697,1.2537639123535842,49.931703911167034,207.0584299702253,0.09021232289819223,12.897922945277674,4.2,4.423867143578692,901.5091409447066,0.5010395545266964,1.1192361294529984,2.22340579710145,0.0006029571694,2.0,1.1458915555559273,3.3465133592781324,44.492753623188406,307.0,0.8940115780808026,0.21594202898550724,0.5492647768025463,5.0,2.0,16.0,690.0,37.0,67.0,6.0,10.0,31.25,5.36231884057971,0.6068840579710145,37.5,62.5,0.8162006158245964,1.9853254475312268,2.355851449275366,0.005378837210200001,1.403082732387671,4.48383336548978,0.9847953334568664,15.348780875597205,18.163447864563295,0.02960326183246,2.8076616546800306,8.468012873399704,1.39388043097786,91.78956656083423,392.35745509815314,0.13272286566341002,7.149553646695756,1432.8807257446028,0.8857766135685188,0.14492753623188406,0.7105146127188972,0.8857766135685188,0.14492753623188406,0.7105146127188972,0.8857766135685188,0.14492753623188406,0.7105146127188972,0.7672209006951606,0.2492753623188406,0.49105006303980503,0.7672209006951606,0.2492753623188406,0.49105006303980503,0.7672209006951606,0.2492753623188406,0.49105006303980503,4.049691346263318,0.8184187921517933,0.1782608695652174,0.6382815496739548,29
12,0.5695695695695696,0.7208285714285714,0.273,0.3056968463886062,0.7208285714285714,0.273,0.3056968463886062,0.7208285714285714,0.273,0.3056968463886062,0.8812908992306927,0.6647619047619048,0.3,0.0,0.021,43.593036016305035,0.6617476190476189,0.279,0.24431202600216673,0.6617476190476189,0.279,0.24431202600216673,0.6617476190476189,0.279,0.24431202600216673,70.0,700.0,2.6666777598518516,4.292590308048501,3271.257999999999,0.09473884155264,10.0,1.9496276798326246,2822.7368759604396,1.433893225502841,0.9242775257981102,476.58385714285697,0.02021632305905615,69.92749860170595,4.0,0.9203791257169068,407.04761882821174,0.2283640258405646,-1.3814485027493755,1.1549999999999998,0.00096366001491,2.0,-0.5313481143125632,0.3620857717531919,30.0,300.0,0.786047619047619,0.248,0.3724696356275304,3.0,2.0,21.0,1000.0,0.0,0.0,7.0,14.0,14.285714285714285,0.0,0.0,33.33333333333333,66.66666666666666,0.9089779148834296,-1.2104731179379757,1.407,0.005310005973835,-0.2725698140337198,0.5776544682460991,1.5321036281187235,0.9197813600546327,2.9730000000000003,0.01275318647802,1.09418417155554,1.1187146743126737,1.8749120301493503,1.6492736936699308,35.54600000000001,0.02650410754481,1.909444721297511,12.058814452756392,0.7002928571428572,0.269,0.22254335260115596,0.7002928571428572,0.269,0.22254335260115596,0.7002928571428572,0.269,0.22254335260115596,0.6580238095238096,0.298,0.2781007751937982,0.6580238095238096,0.298,0.2781007751937982,0.6580238095238096,0.298,0.2781007751937982,2.0380986614602725,0.649047619047619,0.286,0.30447470817120614,31
13,0.10290237467018469,0.9782711762062135,0.05058224163027657,0.9437860838946031,0.9782711762062135,0.05058224163027657,0.9437860838946031,0.9782711762062135,0.05058224163027657,0.9437860838946031,3.320771738890595,0.7173373091264319,0.7958515283842795,0.11176167822865958,0.0015465793304221252,,0.9817749787965896,0.04439592430858806,0.9506616486549189,0.9817749787965896,0.04439592430858806,0.9506616486549189,0.9817749787965896,0.04439592430858806,0.9506616486549189,10.407569141193596,1144.0,,3.0507472845475934,85.12026928675397,,10.0,0.9482646831122141,41.760399833120424,,-0.501042935533417,50.711045533115005,,,10.0,-0.03919608212030848,29.77423823733485,,-1.6857931744696484,28.845342066957787,,10.0,-1.4911828752029315,16.21857067549395,9.597889374090247,1055.0,0.979688395024371,0.14255822416302766,0.841573443111714,0.0,10.0,17.0,10992.0,0.0,0.0,16.0,1.0,0.0,0.0,0.0,94.11764705882352,5.88235294117647,,-1.1972600845920125,35.90636371906841,,-0.4250896848780795,26.506410017106628,,-0.7839021550500958,48.52893013100446,,0.08645947162697144,30.241492389979598,,-0.260617128652207,59.604416848617134,,0.44735729477907227,34.227219367990614,0.9863827944554124,0.06777656477438136,0.9246771388571129,0.9863827944554124,0.06777656477438136,0.9246771388571129,0.9863827944554124,0.06777656477438136,0.9246771388571129,0.9698982195381142,0.05413027656477438,0.9398412673504434,0.9698982195381142,0.05413027656477438,0.9398412673504434,0.9698982195381142,0.05413027656477438,0.9398412673504434,0.0,0.9956000692054666,0.007914847161572052,0.991204094219016,32
14,0.5501955671447197,0.7186641791044776,0.26953125,0.38164732240097077,0.7186641791044776,0.26953125,0.38164732240097077,0.7186641791044776,0.26953125,0.38164732240097077,0.9331343166407831,0.7111194029850746,0.2721354166666667,0.39105890922334524,0.01171875,,0.7074365671641791,0.2760416666666667,0.38177399756986635,0.7074365671641791,0.2760416666666667,0.38177399756986635,0.7074365671641791,0.2760416666666667,0.38177399756986635,65.10416666666666,500.0,,7.214259554348853,120.89453125,,2.0,2.272250858431569,115.24400235133837,,2.775362395442404,44.98579117838542,,,2.0,0.5292461289375233,25.7337429754516,,-0.5200718661530077,0.4718763020833333,,2.0,-1.8436079833551307,0.3313285950127748,34.89583333333333,268.0,0.8082686567164178,0.24088541666666666,0.45812356979405044,1.0,2.0,9.0,768.0,0.0,0.0,8.0,1.0,11.11111111111111,0.0,0.0,88.88888888888889,11.11111111111111,,0.2796097882539714,8.017903645833334,,-0.29439306721970576,4.4982236271180085,,1.9668008946784574,32.61673177083334,,0.5377137404718786,13.856224554203179,,5.491254286007905,77.1259765625,,1.722332475016523,28.81841543901336,0.7629141791044775,0.2825520833333333,0.3517752123720321,0.7629141791044775,0.2825520833333333,0.3517752123720321,0.7629141791044775,0.2825520833333333,0.3517752123720321,0.6644477611940298,0.3072916666666667,0.32719605630456744,0.6644477611940298,0.3072916666666667,0.32719605630456744,0.6644477611940298,0.3072916666666667,0.32719605630456744,0.0,0.6434029850746269,0.3098958333333333,0.2960315504067045,37
15,0.9997826086956522,0.9397314627894664,0.08563355792219082,0.8208876445659258,0.9397314627894664,0.08563355792219082,0.8208876445659258,0.9397314627894664,0.08563355792219082,0.8208876445659258,0.9673602371807668,0.7941574124705914,0.20930232558139536,0.549772420190581,0.012605955227124538,,0.924541669007748,0.08411214953271028,0.82347465212921,0.924541669007748,0.08411214953271028,0.82347465212921,0.924541669007748,0.08411214953271028,0.82347465212921,60.59552271245382,2788.0,,1480.6420502862907,283.28928493805716,,2.0,31.062064279039635,606.3478507248471,,241.1700186517731,6.150770191072139,,,2.0,11.186639096029253,15.193997694546747,,5.257394367988116,0.005444468593783957,,2.0,1.5916742687064245,0.07627427063724908,39.404477287546186,1813.0,0.93523126498161,0.20234731580091284,0.605321391923295,1.0,2.0,58.0,4601.0,0.0,0.0,57.0,1.0,1.7241379310344827,0.0,0.0,98.27586206896551,1.7241379310344827,,50.655931063002996,0.06479352314714121,,5.8507230150661425,0.31695822185668954,,127.37652934849572,0.10285155400999912,,9.724847529978312,0.4440553289821315,,299.0723734257733,0.24413062377743908,,13.646188094980591,0.8437450862048406,0.9386679853220129,0.10345577048467725,0.7807805902062573,0.9386679853220129,0.10345577048467725,0.7807805902062573,0.9386679853220129,0.10345577048467725,0.7807805902062573,0.8911774993451567,0.10410780265159748,0.781973609246172,0.8911774993451567,0.10410780265159748,0.781973609246172,0.8911774993451567,0.10410780265159748,0.781973609246172,0.0,0.8937334657000572,0.10736796348619865,0.775167746729542,43
16,0.9993728441517717,0.9645392222677037,0.06363636363636363,0.8978122508210037,0.9645392222677037,0.06363636363636363,0.8978122508210037,0.9645392222677037,0.06363636363636363,0.8978122508210037,1.4801700696136337,0.7717484305673256,0.3761755485893417,0.4122311203046818,0.019122257053291535,26.313211437704414,0.9590500108986266,0.06551724137931035,0.8944375252739722,0.9590500108986266,0.06551724137931035,0.8944375252739722,0.9590500108986266,0.06551724137931035,0.8944375252739722,51.88087774294671,1655.0,2.0085632801967233,,,0.38964063813375,6.0,,,1.9780144516767606,,,0.056251973390548826,34.16346774083301,4.754098360655737,,,1.6679869019048021,,,0.00239174071595,3.0,,,24.043887147335425,767.0,0.9928619979725506,0.047021943573667714,0.9235168869438932,0.0,3.0,61.0,3190.0,0.0,0.0,0.0,61.0,0.0,0.0,0.0,0.0,100.0,1.986921112054029,,,0.008114095339065,,,1.9958149659372768,,,0.012445557396825,,,1.9985747676028534,,,0.06388006173431,,,0.9624981083963462,0.09435736677115987,0.8488820745392759,0.9624981083963462,0.09435736677115987,0.8488820745392759,0.9624981083963462,0.09435736677115987,0.8488820745392759,0.7723490181560075,0.31191222570532917,0.5030951953788269,0.7723490181560075,0.31191222570532917,0.5030951953788269,0.7723490181560075,0.31191222570532917,0.5030951953788269,0.537144850262882,0.8617257940278134,0.2689655172413793,0.5976262917909895,45
17,0.9989550679205852,0.7435139920705185,0.23903966597077245,0.41922178864715764,0.7435139920705185,0.23903966597077245,0.41922178864715764,0.7435139920705185,0.23903966597077245,0.41922178864715764,0.9309539862507961,0.6678422957003733,0.30062630480167013,0.33996784812064595,0.010438413361169102,49.45045096797422,0.8493254166827052,0.18580375782881003,0.5771950530105427,0.8493254166827052,0.18580375782881003,0.5771950530105427,0.8493254166827052,0.18580375782881003,0.5771950530105427,65.34446764091858,626.0,1.5647795093873218,,,0.08718670223057,3.0,,,1.5380365413865855,,,0.018825995881285557,80.69748634203775,2.9,,,1.4706284549040332,,,0.00700514266598,2.0,,,34.65553235908142,332.0,0.7461459255552562,0.2870563674321503,0.314300141070155,1.0,2.0,10.0,958.0,0.0,0.0,0.0,10.0,10.0,0.0,0.0,0.0,100.0,1.5281455950064875,,,0.00700514266598,,,1.5281455950064875,,,0.01355667250927,,,1.5647795093873218,,,0.01355667250927,,,0.8254263058624274,0.2035490605427975,0.5296140926922863,0.8254263058624274,0.2035490605427975,0.5296140926922863,0.8254263058624274,0.2035490605427975,0.5296140926922863,0.7703626005619924,0.22964509394572025,0.49792748582590873,0.7703626005619924,0.22964509394572025,0.49792748582590873,0.7703626005619924,0.22964509394572025,0.49792748582590873,0.31622776601683794,0.9962734323876977,0.028183716075156576,0.9367427892257802,49
18,0.2579881656804734,0.8287300415025641,0.3191489361702128,0.5743705558785386,0.8287300415025641,0.3191489361702128,0.5743705558785386,0.8287300415025641,0.3191489361702128,0.5743705558785386,1.9990667655343635,0.6492864709981353,0.5957446808510638,0.2121027335369673,0.022458628841607566,,0.8316733859441372,0.3108747044917258,0.5850953729793031,0.8316733859441372,0.3108747044917258,0.5850953729793031,0.8316733859441372,0.3108747044917258,0.5850953729793031,25.768321513002363,218.0,,58.37545547363169,439.9113475177304,,4.0,6.778393619108969,176.69261361302284,,5.153140516514768,117.6349487785658,,,4.0,1.0415777283622756,22.770839172096306,,-0.9784712963069797,6.377068557919621,,4.0,-0.22634128032982506,2.5921383276847254,23.52245862884161,199.0,0.7665561841837499,0.5449172576832151,0.27869634693062273,0.0,4.0,19.0,846.0,0.0,0.0,18.0,1.0,0.0,0.0,0.0,94.73684210526315,5.263157894736842,,-0.7809324382806175,35.846040189125304,,0.2544045720298823,6.168386543971383,,-0.44165451580509285,87.88356973995272,,0.49824273394603363,8.06136271270135,,0.1641613631458576,178.1838061465721,,0.789303136311914,31.682749869316492,0.8786505597009364,0.31678486997635935,0.5772957352598461,0.8786505597009364,0.31678486997635935,0.5772957352598461,0.8786505597009364,0.31678486997635935,0.5772957352598461,0.790527508168895,0.3132387706855792,0.5820719121901752,0.790527508168895,0.3132387706855792,0.5820719121901752,0.790527508168895,0.3132387706855792,0.5820719121901752,0.0,0.7865899875047911,0.3191489361702128,0.5741729817398842,53
19,0.8533027300214076,0.8038644867365946,0.23839159604519775,0.49835333064918075,0.8038644867365946,0.23839159604519775,0.49835333064918075,0.8038644867365946,0.23839159604519775,0.49835333064918075,0.9835093906057095,0.7305166901571064,0.2444385593220339,0.47843517951723846,0.00019862288135593222,392.1223686617617,0.9022035924598205,0.12171168785310735,0.7508273790782953,0.9022035924598205,0.12171168785310735,0.7508273790782953,0.9022035924598205,0.12171168785310735,0.7508273790782953,57.54546257062147,26075.0,2.8073500566367193,7047.774287853668,0.5005263909118922,0.00250816956442,7.0,78.68700692524223,0.34030772179030466,2.8073500566367193,1029.1705407841011,0.34418203759016736,0.00250816956442,1118.2824027772233,4.5,12.61811270257642,0.1604184803668048,2.8073500566367193,-1.3181374046729744,0.003467033898305084,0.00250816956442,2.0,-0.1658145257949275,0.010213038212794926,42.45453742937853,19237.0,0.7891505747800418,0.2705905720338983,0.4058073423490147,1.0,2.0,9.0,45312.0,0.0,0.0,7.0,2.0,11.11111111111111,0.0,0.0,77.77777777777779,22.22222222222222,2.8073500566367193,-1.201042076472015,0.05786831013859451,0.00250816956442,-0.09773906854937363,0.03999076895402209,2.8073500566367193,-0.0865740098467982,0.4254178952595339,0.00250816956442,0.1595328979048169,0.15337339113662127,2.8073500566367193,158.52741871982758,0.5,0.00250816956442,9.073261555361203,0.2947563828038936,0.9129948613427772,0.140625,0.7116925828643641,0.9129948613427772,0.140625,0.7116925828643641,0.9129948613427772,0.140625,0.7116925828643641,0.8511751328523538,0.14607609463276836,0.7010577396363374,0.8511751328523538,0.14607609463276836,0.7010577396363374,0.8511751328523538,0.14607609463276836,0.7010577396363374,3.5355339059327378,0.770970492655298,0.22309763418079095,0.5427363472523162,219
20,0.18743194898117904,0.9273091445992578,0.14836702954898912,0.8167814524247422,0.9273091445992578,0.14836702954898912,0.8167814524247422,0.9273091445992578,0.14836702954898912,0.8167814524247422,2.4833618760456604,0.710936921295261,0.563452566096423,0.26828644698090565,0.0057542768273716955,,0.9197259342536087,0.14152410575427682,0.8249582236698434,0.9197259342536087,0.14152410575427682,0.8249582236698434,0.9197259342536087,0.14152410575427682,0.8249582236698434,23.81026438569207,1531.0,,1.277985361665814,-0.00012632970451019481,,6.0,0.91949549901627,1.0002882819750798,,-0.15411688047872,-0.0005560885260065659,,,6.0,0.04046023385100257,1.0000219953862926,,-0.9198282387807679,-0.000862968584758966,,6.0,-0.6740118722728707,0.9996387437607501,9.720062208398133,625.0,0.9605992160078025,0.20326594090202177,0.7513714566665727,0.0,6.0,37.0,6430.0,0.0,0.0,36.0,1.0,0.0,0.0,0.0,97.2972972972973,2.7027027027027026,,-0.8393811657498382,-0.0007437709953344221,,-0.5170961259457099,0.9999476046671038,,-0.4798469406404684,-0.0005980934681181398,,-0.0399749828019159,1.0000052923046026,,0.8509747335126359,-0.0003569454121306532,,0.6744458273485395,1.0001949690399905,0.962333455035218,0.15349922239502334,0.8100028845003834,0.962333455035218,0.15349922239502334,0.8100028845003834,0.962333455035218,0.15349922239502334,0.8100028845003834,0.8991170554983932,0.16625194401244167,0.7945482122759002,0.8991170554983932,0.16625194401244167,0.7945482122759002,0.8991170554983932,0.16625194401244167,0.7945482122759002,0.0,0.9355091276480466,0.10762052877138413,0.8673837948848537,2074
21,0.39319727891156464,0.8239493966657213,0.41847826086956524,0.4637307109078737,0.8239493966657213,0.41847826086956524,0.4637307109078737,0.8239493966657213,0.41847826086956524,0.4637307109078737,2.262083620428274,0.7519401667350958,0.5054347826086957,0.30247986100142155,0.02717391304347826,5.9334684401020565,0.8184137151683228,0.3967391304347826,0.49336985707179887,0.8184137151683228,0.3967391304347826,0.49336985707179887,0.8184137151683228,0.3967391304347826,0.49336985707179887,29.076086956521742,214.0,4.2373637557635595,734.9416211795777,2054.7393689986247,0.42753276429854,27.0,27.109270846229688,1551.7798185802085,3.4626363060529055,62.86596625813314,390.0868288072735,0.381241367214446,8.082530396301912,13.666666666666666,2.551453016115177,172.61081562461396,2.5810641739409617,-1.887802596870339,-2.5842391304347836,0.24650313929826,5.0,-0.6970908724266737,0.49318784476285216,14.266304347826086,105.0,0.8520788174118736,0.45108695652173914,0.42741183362624485,0.0,5.0,20.0,736.0,95.0,448.0,14.0,6.0,0.0,12.907608695652172,3.0434782608695654,70.0,30.0,2.908861461974274,-0.4961422376730956,2.882908545727137,0.323312362530555,-0.3960800165047112,0.778502789181291,3.4759821137655975,0.4289115082721384,6.249602617058818,0.40765214345173,0.11119478923130877,1.3465996573398586,4.009738246275191,1.3641239688052669,403.0027173913041,0.425964983779695,0.9548948008878528,80.61760056258042,0.7171370640805235,0.5557065217391305,0.2672017371533179,0.7171370640805235,0.5557065217391305,0.2672017371533179,0.7171370640805235,0.5557065217391305,0.2672017371533179,0.7219508813313532,0.47690217391304346,0.3915134670419616,0.7219508813313532,0.47690217391304346,0.3915134670419616,0.7219508813313532,0.47690217391304346,0.3915134670419616,7.659416862050705,0.7018152602695222,0.46603260869565216,0.40228622299671357,2079
22,0.8865022540440202,0.9288636149692349,0.02518557794273595,0.7759719718017525,0.9288636149692349,0.02518557794273595,0.7759719718017525,0.9288636149692349,0.02518557794273595,0.7759719718017525,0.33235055553211046,0.9322127557089432,0.0344644750795334,0.7420165388043194,0.007953340402969246,64.92919423455584,0.9353675130291905,0.015641569459172854,0.8579268043553759,0.9353675130291905,0.015641569459172854,0.8579268043553759,0.9353675130291905,0.015641569459172854,0.8579268043553759,93.87592788971368,3541.0,1.520689912507409,238.1814623780636,110.46964865662825,0.06006915971583,5.0,13.882652755041702,35.604247607641,0.33755530471128503,51.41313506551009,46.43668969641138,0.005118661327160454,64.94601266549154,2.0869565217391304,3.5691918824691085,19.05387758896556,-0.0,4.073471498748956,0.9949997045790251,0.0,1.0,1.232674238507278,0.19545727511328811,6.1240721102863205,231.0,0.921866947220681,0.07423117709437964,0.5196307538926299,21.0,2.0,30.0,3772.0,3772.0,6064.0,7.0,23.0,70.0,100.0,5.358784022622834,23.333333333333332,76.66666666666667,0.0987401719719687,5.982197043232063,1.7588748012696314,0.0005017739084375,1.2589465934783108,0.669439962143292,0.25937485231702934,8.87130380657577,28.41132258295655,0.00129044182719,1.5381528946217138,22.3032143933016,0.4759318019149815,90.94248810329343,108.85692077754308,0.0033491752406775003,4.937524038925616,33.71833515687218,0.9591373043787617,0.014050901378579003,0.8712870012207119,0.9591373043787617,0.014050901378579003,0.8712870012207119,0.9591373043787617,0.014050901378579003,0.8712870012207119,0.785261166486192,0.036585365853658534,0.6522624425320754,0.785261166486192,0.036585365853658534,0.6522624425320754,0.785261166486192,0.036585365853658534,0.6522624425320754,0.668311541278118,0.7895585540318668,0.04109225874867444,0.6153785428776684,3021
23,0.0,0.8608742985409651,0.30505050505050507,0.6644444444444445,0.8608742985409651,0.30505050505050507,0.6644444444444445,0.8608742985409651,0.30505050505050507,0.6644444444444445,3.459431618637298,0.6774680134680136,0.8242424242424242,0.09333333333333332,0.013131313131313131,,0.8730314253647586,0.3202020202020202,0.6477777777777778,0.8730314253647586,0.3202020202020202,0.6477777777777778,0.8730314253647586,0.3202020202020202,0.6477777777777778,9.090909090909092,90.0,3.906890595608518,0.1524368802477145,1.881763636363636,0.0,15.0,0.3570604221210384,1.1752720041815217,2.4518411137950773,-0.39142721501684635,-0.10318040404040407,0.0,,9.333333333333334,0.09111527285062525,0.699331810942439,0.9967916319816366,-0.7621395184642852,-3.203740404040404,0.0,2.0,-0.20615204556382144,0.46192683815131974,9.090909090909092,90.0,0.9447710437710438,0.4161616161616162,0.5422222222222222,1.0,11.0,13.0,990.0,0.0,0.0,10.0,3.0,7.6923076923076925,0.0,0.0,76.92307692307693,23.076923076923077,0.9967916319816366,-0.5598569198966739,-0.356185606060606,0.0,-0.006222604957687408,0.5725169123224305,2.4518411137950773,-0.42609939747851944,-0.03785202020202025,0.0,0.06013385313957622,0.6342938790535619,3.906890595608518,-0.24255761544063992,0.5441732323232322,0.0,0.25062290775439544,0.7866928081860705,0.8406290684624018,0.6393939393939394,0.29666666666666663,0.8406290684624018,0.6393939393939394,0.29666666666666663,0.8406290684624018,0.6393939393939394,0.29666666666666663,0.8475173961840627,0.2909090909090909,0.68,0.8475173961840627,0.2909090909090909,0.68,0.8475173961840627,0.2909090909090909,0.68,6.6583281184793925,0.9572222222222221,0.07777777777777778,0.9144444444444445,3022
24,0.30002565418163163,0.9139778848716709,0.1945620110298833,0.7976556066502876,0.9139778848716709,0.1945620110298833,0.7976556066502876,0.9139778848716709,0.1945620110298833,0.7976556066502876,4.700438279876528,0.7284550798857298,0.9239451070924715,0.039082299586501265,0.07926125432858792,,0.9188349245414863,0.18263434654354238,0.8100602384781619,0.9188349245414863,0.18263434654354238,0.8100602384781619,0.9188349245414863,0.18263434654354238,0.8100602384781619,3.8476337052712584,300.0,,136.53558205054384,0.8118613569321528,,26.0,10.771901703245778,0.9401132093590073,,3.6056625652757637,0.06479603695807032,,,26.0,0.44206745255136376,0.4140807323633421,,-1.4737498885033402,-0.9855127356675644,,26.0,-2.367036228796073,0.054925852703404714,3.8219828139027827,298.0,0.9808943771196217,0.169167628575093,0.824065372368799,0.0,26.0,618.0,7797.0,0.0,0.0,617.0,1.0,0.0,0.0,0.0,99.83818770226537,0.16181229773462785,,-0.7373204127841801,-0.1437013851481339,,-0.5845181836345901,0.3400152292895469,,-0.33016785936744597,0.20226894959599845,,-0.08674343383154731,0.40596405388020085,,0.36879569286451974,0.41744676157496474,,0.505854095594404,0.4943557912221344,0.9534790861116854,0.22624086186995,0.7647093963693292,0.9534790861116854,0.22624086186995,0.7647093963693292,0.9534790861116854,0.22624086186995,0.7647093963693292,0.7985895253272975,0.38732845966397333,0.5971784318994164,0.7985895253272975,0.38732845966397333,0.5971784318994164,0.7985895253272975,0.38732845966397333,0.5971784318994164,0.0,0.9241334170882465,0.1442862639476722,0.8499423377242701,3481
25,0.9964285714285714,0.9388364704395656,0.08323424494649227,0.8785920221739185,0.9388364704395656,0.08323424494649227,0.8785920221739185,0.9388364704395656,0.08323424494649227,0.8785920221739185,1.787416049226166,0.7487063032184788,0.441141498216409,0.33926771420100804,0.08442330558858502,,0.9389434559189358,0.08323424494649227,0.8786025372420279,0.9389434559189358,0.08323424494649227,0.8786025372420279,0.9389434559189358,0.08323424494649227,0.8786025372420279,37.69322235434007,317.0,,21.231717234335743,77.36028537455405,,4.0,4.087186736805094,31.071726420905673,,2.359129460351526,10.125242058773567,,,4.0,1.1147021119329887,5.3565260839463535,,-0.7902615862988753,0.4447086801426868,,4.0,-0.040708920607288354,0.8045103166246655,6.539833531510107,55.0,0.9956073167321633,0.014268727705112961,0.9792228968124069,0.0,4.0,71.0,841.0,0.0,0.0,70.0,1.0,0.0,0.0,0.0,98.59154929577466,1.4084507042253522,,0.3616781435065046,3.127229488703934,,0.7038172484296433,2.520372968046287,,1.4141229803280546,5.030915576694409,,1.0322539044597914,3.902639766596527,,2.442383650027078,11.93638525564807,,1.339734579743372,6.2079341685674265,0.94584560250496,0.10582639714625446,0.8456546618688718,0.94584560250496,0.10582639714625446,0.8456546618688718,0.94584560250496,0.10582639714625446,0.8456546618688718,0.8864451921145452,0.15576694411414982,0.7726098137881784,0.8864451921145452,0.15576694411414982,0.7726098137881784,0.8864451921145452,0.15576694411414982,0.7726098137881784,0.0,0.9935472479387648,0.011890606420927468,0.9826989975293099,3549
26,0.9937185929648241,0.5338517214607543,0.8055207026348808,0.031950840204176635,0.5338517214607543,0.8055207026348808,0.031950840204176635,0.5338517214607543,0.8055207026348808,0.031950840204176635,2.5802592077826514,0.5419986240585961,0.8042659974905897,0.040278555299651714,0.006273525721455458,61.62421451844615,0.5294740485611763,0.8080301129234629,0.027365460888482098,0.5294740485611763,0.8080301129234629,0.027365460888482098,0.5294740485611763,0.8080301129234629,0.027365460888482098,19.44792973651192,155.0,3.083002700297088,,,0.06165879105093,9.0,,,2.016975283182629,,,0.0418708656645075,47.17132990141042,5.4,,,0.9995900071849526,,,0.00469017722262,2.0,,,15.432873274780427,123.0,0.562494963292207,0.767879548306148,0.0775986293442865,1.0,6.0,5.0,797.0,0.0,0.0,0.0,5.0,20.0,0.0,0.0,0.0,100.0,1.108792761984236,,,0.014714939644734998,,,1.9926542126242377,,,0.05056724719224,,,2.9494788749394134,,,0.0603304101565475,,,0.5338262069030021,0.820577164366374,0.013378610123678334,0.5338262069030021,0.820577164366374,0.013378610123678334,0.5338262069030021,0.820577164366374,0.013378610123678334,0.517510171412348,0.8005018820577164,0.04096520974866374,0.517510171412348,0.8005018820577164,0.04096520974866374,0.517510171412348,0.8005018820577164,0.04096520974866374,2.8809720581775866,0.5215002243317042,0.8055207026348808,0.034568250643874,3560
27,0.09564422348890698,0.9299296960617288,0.13245714285714286,0.8527729816031412,0.9299296960617288,0.13245714285714286,0.8527729816031412,0.9299296960617288,0.13245714285714286,0.8527729816031412,3.3198370254034137,0.6596630958148316,0.7950428571428572,0.11052914645302327,0.011214285714285715,,0.932729475291536,0.1268,0.8590627479657593,0.932729475291536,0.1268,0.8590627479657593,0.932729475291536,0.1268,0.8590627479657593,11.252857142857142,7877.0,,70000.00000000247,140.01505714285668,,10.0,264.57513110807787,113.88629683929352,,4894.714442707244,33.38596474125363,,,10.0,31.079435593429213,49.25570412611296,,-1.8254292785726658,0.0,,10.0,-0.23549660230998054,0.0,9.018571428571429,6313.0,0.937306319966156,0.30001428571428573,0.6663891986793616,0.0,10.0,785.0,70000.0,0.0,0.0,784.0,1.0,0.0,0.0,0.0,99.87261146496816,0.12738853503184713,,-1.0297320016722729,0.12058214285714541,,0.8744121903751375,4.670545729236738,,16.22683706266253,7.196049999999809,,4.134907396813174,36.765819161632194,,623.0827644398202,69.33461785714294,,23.939583112011796,100.84850801763852,0.9597205371114488,0.14168571428571428,0.8425153284961173,0.9597205371114488,0.14168571428571428,0.8425153284961173,0.9597205371114488,0.14168571428571428,0.8425153284961173,0.8806813200173884,0.2150142857142857,0.7610073553514332,0.8806813200173884,0.2150142857142857,0.7610073553514332,0.8806813200173884,0.2150142857142857,0.7610073553514332,0.0,0.9816188217574185,0.03307142857142857,0.9632397138736942,3573
28,0.7803706245710363,0.8296260533707867,0.1083676268861454,0.3020372547356171,0.8296260533707867,0.1083676268861454,0.3020372547356171,0.8296260533707867,0.1083676268861454,0.3020372547356171,0.5353247216329435,0.8338066186797752,0.12208504801097393,0.0,0.02606310013717421,,0.7075732970505618,0.11179698216735254,0.4302366282275657,0.7075732970505618,0.11179698216735254,0.4302366282275657,0.7075732970505618,0.11179698216735254,0.4302366282275657,87.79149519890261,1280.0,,771.6332888137742,19505.519540466397,,2.0,25.48385197642493,62600.255064694364,,105.0871480075218,583.4640334779226,,,2.0,6.450282232943059,1837.8290669668518,,-1.5109530299949823,0.07064471879286696,,2.0,-0.46393068881698063,0.11986237027041259,12.208504801097392,178.0,0.8191864300122533,0.16872427983539096,0.3008202984888418,1.0,2.0,38.0,1458.0,0.0,0.0,37.0,1.0,2.631578947368421,0.0,0.0,97.36842105263158,2.631578947368421,,9.73606658084686,1.4681069958847743,,2.8161318073942256,2.021356636772319,,48.04994209767429,6.997256515775034,,5.710990952498306,9.48740590701204,,173.8806340260204,19.708847736625515,,9.488261932499196,26.373775044950506,0.8679402212078651,0.1111111111111111,0.34952301218356824,0.8679402212078651,0.1111111111111111,0.34952301218356824,0.8679402212078651,0.1111111111111111,0.34952301218356824,0.6578322507022473,0.13786008230452676,0.32590363939992,0.6578322507022473,0.13786008230452676,0.32590363939992,0.6578322507022473,0.13786008230452676,0.32590363939992,0.0,0.6835147471910112,0.149519890260631,0.31895436040282854,3902
29,0.8143405889884763,0.49982181040627227,0.10236724248240563,0.0,0.49982181040627227,0.10236724248240563,0.0,0.49982181040627227,0.10236724248240563,0.0,0.47645497142532245,0.706029490377762,0.10236724248240563,0.0,0.02431222008957134,,0.5312032252316464,0.11900191938579655,0.11805285894573345,0.5312032252316464,0.11900191938579655,0.11805285894573345,0.5312032252316464,0.11900191938579655,0.11805285894573345,89.76327575175944,1403.0,,1039.3380068388667,34072.82269353807,,2.0,30.488993517150185,358165.9357273063,,238.95404585980833,1008.1458672684203,,,2.0,10.324325597699104,10334.503124329438,,-1.4822370260657114,0.12455534229046707,,2.0,-0.589505300437794,0.12943827711259495,10.236724248240563,160.0,0.6612727006474107,0.48240563019833654,0.06791219012186335,1.0,2.0,38.0,1563.0,0.0,0.0,37.0,1.0,2.631578947368421,0.0,0.0,97.36842105263158,2.631578947368421,,9.984214976465344,1.441858605246321,,2.6324202171107656,2.0583826025554854,,144.273194565914,7.637875879718497,,9.77747153876918,15.92828052824081,,407.27382077070604,22.676583493282138,,16.299723810564462,43.85840094500999,0.7485165716322167,0.11004478566858605,0.11065679522042118,0.7485165716322167,0.11004478566858605,0.11065679522042118,0.7485165716322167,0.11004478566858605,0.11065679522042118,0.5901193870277976,0.163787587971849,0.16861356637951447,0.5901193870277976,0.163787587971849,0.16861356637951447,0.5901193870277976,0.163787587971849,0.16861356637951447,0.0,0.6411105666429081,0.12284069097888675,0.25757770674794456,3903
30,0.9998162440279309,0.6587376073460289,0.19467156637574645,0.11830560261068165,0.6587376073460289,0.19467156637574645,0.11830560261068165,0.6587376073460289,0.19467156637574645,0.11830560261068165,0.7086892115305543,0.662083592817921,0.1934772622875517,0.0,0.002021129995406523,,0.6592732354588299,0.19843821773082224,0.19544530526204532,0.6592732354588299,0.19843821773082224,0.19544530526204532,0.6592732354588299,0.19843821773082224,0.19544530526204532,80.65227377124484,8779.0,,2765.9879679639744,36836.3653431329,,2.0,46.21215121044533,434367.80125524563,,586.619469504969,1902.782368644972,,,2.0,15.836470747949765,21963.75301398026,,3.3600523103582027,0.13533486449242005,,2.0,1.9206587292925694,0.1605384477399967,19.347726228755167,2106.0,0.6543475319881906,0.1966008268259072,0.197396734416771,1.0,2.0,22.0,10885.0,5.0,25.0,21.0,1.0,4.545454545454546,0.045934772622875514,0.010439721050653527,95.45454545454545,4.545454545454546,,187.28804596952557,3.7013229214515384,,9.996525984131477,9.062748417574056,,392.2049277598112,14.17723748277455,,13.648072779325632,22.597617346469026,,557.8218633161355,57.24978860294003,,16.647450971037983,125.93284053077517,0.699265043372193,0.19016995865870465,0.16736662667071187,0.699265043372193,0.19016995865870465,0.16736662667071187,0.699265043372193,0.19016995865870465,0.16736662667071187,0.5908402044535213,0.2502526412494258,0.19986613136483175,0.5908402044535213,0.2502526412494258,0.19986613136483175,0.5908402044535213,0.2502526412494258,0.19986613136483175,0.0,0.6196530631837556,0.24474046853468076,0.20020772020128605,3904
31,0.9942418426103646,0.7286003828397702,0.1839080459770115,0.33953660015288495,0.7286003828397702,0.1839080459770115,0.33953660015288495,0.7286003828397702,0.1839080459770115,0.33953660015288495,0.7317786193052257,0.7307397815561311,0.19731800766283525,0.4008291171685203,0.0421455938697318,,0.727902263258642,0.1839080459770115,0.3341305907677589,0.727902263258642,0.1839080459770115,0.3341305907677589,0.727902263258642,0.1839080459770115,0.3341305907677589,79.50191570881226,415.0,,321.2559116074304,18542.991628352487,,2.0,16.788705242312474,113271.21645142234,,130.1084304346329,977.893699142492,,,2.0,8.953093281768092,5875.729587941182,,1.99185469826576,0.18896551724137942,,2.0,1.0464801419245156,0.27560890469343136,20.49808429118774,107.0,0.8144119500884621,0.17049808429118773,0.40927701345268663,1.0,2.0,22.0,522.0,0.0,0.0,21.0,1.0,4.545454545454546,0.0,0.0,95.45454545454545,4.545454545454546,,43.9805869639595,3.048659003831412,,5.476205868149483,6.512591752285926,,139.5503968851246,9.735287356321844,,10.083296475235246,21.942778727265353,,199.21320016550885,47.31743295019163,,12.276348915524732,116.69468060040823,0.777750253349848,0.15900383141762453,0.40732127711964095,0.777750253349848,0.15900383141762453,0.40732127711964095,0.777750253349848,0.15900383141762453,0.40732127711964095,0.6369102578538453,0.19348659003831417,0.3828053662990799,0.6369102578538453,0.19348659003831417,0.3828053662990799,0.6369102578538453,0.19348659003831417,0.3828053662990799,0.0,0.6620200427879742,0.19540229885057472,0.3877325728479107,3913
32,0.9990512333965844,0.7072599430889553,0.15647226173541964,0.2604340674054145,0.7072599430889553,0.15647226173541964,0.2604340674054145,0.7072599430889553,0.15647226173541964,0.2604340674054145,0.6211733422333798,0.7123747114018215,0.15457562825983878,0.0,0.010431484115694643,,0.7030784952637211,0.15267899478425795,0.22302666956511774,0.7030784952637211,0.15267899478425795,0.22302666956511774,0.7030784952637211,0.15267899478425795,0.22302666956511774,84.54243717401611,1783.0,,103.07904520134113,5242.386239924155,,2.0,8.789034149895826,17444.98121137856,,31.853391931073038,285.0969166158651,,,2.0,4.203178136828403,915.455014376506,,1.2413950208681674,0.08673779042200101,,2.0,1.1407658504141103,0.17550652636316466,15.457562825983878,326.0,0.7895503283577173,0.17449027975343764,0.3008403119099438,1.0,2.0,22.0,2109.0,0.0,0.0,21.0,1.0,4.545454545454546,0.0,0.0,95.45454545454545,4.545454545454546,,12.284905644252186,1.7170222854433477,,2.869811695669978,3.2305652323985976,,22.422776708097334,7.631673779042244,,3.7371013785570546,7.863645549059788,,36.53033082841476,26.141894262683927,,4.706421340727173,41.92522717121333,0.7649357084117553,0.14414414414414414,0.18493789806892894,0.7649357084117553,0.14414414414414414,0.18493789806892894,0.7649357084117553,0.14414414414414414,0.18493789806892894,0.6404083900780722,0.1763869132290185,0.3113191316041728,0.6404083900780722,0.1763869132290185,0.3113191316041728,0.6404083900780722,0.1763869132290185,0.3113191316041728,0.0,0.7470447488121043,0.1512565196775723,0.3504547881404616,3917
33,0.9981949458483754,0.7522337158965066,0.06762849413886383,0.10596240043855441,0.7522337158965066,0.06762849413886383,0.10596240043855441,0.7522337158965066,0.06762849413886383,0.10596240043855441,0.3638001053192342,0.7274111547367361,0.06943192064923355,0.0,0.019837691614066726,,0.5655454042081949,0.07303877366997295,0.21232342186719078,0.5655454042081949,0.07303877366997295,0.21232342186719078,0.5655454042081949,0.07303877366997295,0.21232342186719078,93.05680793507665,1032.0,,410.48838673995436,28822.882380522995,,2.0,18.550221072780662,170643.60332778358,,116.04528058633095,1500.9949675812618,,,2.0,8.008505554819505,8678.609588564534,,13.730107138742545,0.12941388638412984,,2.0,2.1722108126029522,0.1469519403318078,6.943192064923355,77.0,0.6869372008416716,0.11000901713255185,0.2147442222196429,1.0,2.0,22.0,1109.0,0.0,0.0,21.0,1.0,4.545454545454546,0.0,0.0,95.45454545454545,4.545454545454546,,56.28845420032504,4.008746618575299,,5.650796484562278,7.292111258862489,,90.71651180753848,15.396266907123536,,7.428331461257432,16.54067599865951,,113.15687940288026,58.69765554553661,,8.41665120804005,99.00596250867234,0.6945346320346321,0.07484220018034266,0.03050251203353649,0.6945346320346321,0.07484220018034266,0.03050251203353649,0.6945346320346321,0.07484220018034266,0.03050251203353649,0.6027572233967583,0.09918845807033363,0.21351574386878833,0.6027572233967583,0.09918845807033363,0.21351574386878833,0.6027572233967583,0.09918845807033363,0.21351574386878833,0.0,0.7022299406020337,0.07303877366997295,0.4099630196462237,3918
34,0.634425994553756,0.8818783209106105,0.14370828385406004,0.5636251551185664,0.8818783209106105,0.14370828385406004,0.5636251551185664,0.8818783209106105,0.14370828385406004,0.5636251551185664,0.7938438393644257,0.7595182625190399,0.23928176569346055,0.0,0.00030711273084640267,11.068507517484338,0.8856629671731931,0.13906064452725114,0.5852801575170704,0.8856629671731931,0.13906064452725114,0.5852801575170704,0.8856629671731931,0.13906064452725114,0.5852801575170704,76.07182343065395,37155.0,3.44192266924963,152.69309629815925,189664.13459727284,0.16542318099233,41.0,11.89465899659272,105604.02542315713,1.7809891200338273,30.359637681213712,31819.974765570616,0.0717209468494675,23.832203118732952,11.222222222222221,3.063860808334838,18914.620326608216,0.795215031650176,-0.18426874062378573,10.078088530363212,0.00818704228545,2.0,-0.31652485666094055,2.5709727555918307,23.928176569346054,11687.0,0.8913978617632222,0.16713074812661236,0.4929623256960114,2.0,2.0,15.0,48842.0,3620.0,6465.0,6.0,9.0,13.333333333333334,7.411653904426519,0.8824372466319971,40.0,60.0,0.8343198263526672,0.42324176943424885,31.502211211662093,0.01068033823523,0.09993102873665205,9.936326207089905,1.6008102873649352,4.504453651154136,63.96234797919819,0.0623734340938,0.9982360975676194,208.3575310294492,2.736773252802121,53.18403354052852,48225.334368985714,0.14076964990508,6.4010213924528,31990.020649029368,0.8784273311027897,0.15347446869497564,0.5465099669497687,0.8784273311027897,0.15347446869497564,0.5465099669497687,0.8784273311027897,0.15347446869497564,0.5465099669497687,0.7538927205350257,0.1894476065681176,0.4732340127438301,0.7538927205350257,0.1894476065681176,0.4732340127438301,0.7538927205350257,0.1894476065681176,0.4732340127438301,12.152960316089429,0.7147496645704182,0.2063797551287826,0.4309676913874722,7592
35,0.4962666666666667,,,,,,,,,,0.994841931879593,,,,0.47374033591042386,,,,,,,,,,,54.22553985603839,2034.0,,3751.000000000028,0.9741670958480405,,2.0,61.24540799113505,0.500066644452143,,162.45088247861207,0.08787999840578177,,,2.0,8.206743925756857,0.15803081243142927,,-2.001066951187042,4.4432595841108546e-05,,2.0,-31.46052678687507,0.0027212924603935837,45.77446014396161,1717.0,,,,1.0,2.0,1777.0,3751.0,0.0,0.0,1776.0,1.0,0.056274620146314014,0.0,0.0,99.94372537985369,0.056274620146314014,,6.247399909590623,0.0064871589753399145,,2.4800859702659226,0.04536734329324105,,43.170102100980834,0.019994668088509745,,6.277325876732576,0.10761316494758025,,144.56321928338087,0.0959077579312182,,10.531300057120028,0.25300250901954074,,,,,,,,,,,,,,,,,,,0.0,,,,9910
36,0.625,0.8721592410549125,0.08963093145869948,0.8012438100586974,0.989788686638896,0.0492091388400703,0.8941381280814363,0.9492032662121453,0.0492091388400703,0.8945445399065384,0.9526351224018599,0.8721592410549125,0.08963093145869948,0.8012438100586974,0.054481546572934976,,0.9415596427250146,0.07205623901581722,0.8436320738908661,0.9415596427250146,0.07205623901581722,0.8436320738908661,0.9362745098039216,0.06854130052724078,0.8518357781442584,62.741652021089635,357.0,,49.20907650724138,880.5831282952547,,2.0,5.447186284898407,569.3569926699494,,7.8147348251102615,61.89071233954305,,,2.0,1.740406628520751,34.904718603211656,,-0.5355351225188612,0.0037949033391915642,,2.0,0.4154259962824675,0.002646071523977847,37.258347978910365,212.0,0.9797278811381966,0.07205623901581722,0.8451371786276162,1.0,2.0,31.0,569.0,0.0,0.0,30.0,1.0,3.225806451612903,0.0,0.0,96.7741935483871,3.225806451612903,,0.9651825547526209,0.05932799384885764,,0.9785827119630317,0.018022995343089827,,3.022590146044739,0.21771345342706502,,1.4175537695584106,0.072726074660982,,5.985908976234704,17.024304481546572,,1.9754487571153525,4.434087221242544,0.8700584007187779,0.09490333919156414,0.7901774129665797,0.9630437080492574,0.070298769771529,0.8519077611784914,0.9651709740499974,0.05272407732864675,0.8870120070427198,0.8897785529306063,0.0984182776801406,0.7815409507877525,0.9583333333333335,0.10193321616871705,0.7802913293566254,0.956305163574864,0.06502636203866433,0.8588874813161476,0.0,0.9512248295544633,0.043936731107205626,0.9052064799450897,9946
37,0.5918933925596891,0.8550177462963318,0.1815321983715766,0.5579430305860378,0.8550177462963318,0.1815321983715766,0.5579430305860378,0.8550177462963318,0.1815321983715766,0.5579430305860378,0.8731822577241406,0.7404866739285669,0.24740932642487046,0.4488154160690855,0.0011102886750555144,,0.8678687005272036,0.16894892672094744,0.5893493980716988,0.8678687005272036,0.16894892672094744,0.5893493980716988,0.8678687005272036,0.16894892672094744,0.5893493980716988,70.65136935603256,3818.0,,1.7651174033134938,6.1065877123851385e-09,,2.0,1.482393052784835,1.0000000160707985,,0.33974898860956887,-1.2287194680574282e-08,,,2.0,0.7794652586095029,1.000000004616722,,-0.8572834809909309,-6.698741675291565e-08,,2.0,0.2094948505005711,0.9999999984765442,29.348630643967432,1586.0,0.8173487304115306,0.24037749814951886,0.46338464605596114,1.0,2.0,6.0,5404.0,0.0,0.0,5.0,1.0,16.666666666666664,0.0,0.0,83.33333333333334,16.666666666666664,,-0.6590595801379302,-3.821243527730011e-08,,0.34288338170102217,0.9999999997309185,,-0.3066496518690336,3.3308660617082098e-09,,0.4842310006900062,1.000000003087631,,1.6617568775963694,5.829015545010302e-09,,1.363664264477732,1.000000010267071,0.8756328290298097,0.1659881569207994,0.5893753379948957,0.8756328290298097,0.1659881569207994,0.5893753379948957,0.8756328290298097,0.1659881569207994,0.5893753379948957,0.8065602505421655,0.15562546262028126,0.6203230053600308,0.8065602505421655,0.15562546262028126,0.6203230053600308,0.8065602505421655,0.15562546262028126,0.6203230053600308,0.0,0.8367145868412517,0.12675795706883788,0.6877227093332758,9952
38,0.9971537001897534,0.8231763675234284,0.1848341232227488,0.5752212937554587,0.8231763675234284,0.1848341232227488,0.5752212937554587,0.8231763675234284,0.1848341232227488,0.5752212937554587,0.9223486063040569,0.7579969780263941,0.2909952606635071,0.4228120104857407,0.03981042654028436,,0.83374322868946,0.16966824644549763,0.6128170483924871,0.83374322868946,0.16966824644549763,0.6128170483924871,0.83374322868946,0.16966824644549763,0.6128170483924871,66.25592417061611,699.0,,812.724026378075,37.05563981042654,,2.0,26.8459832401498,11.895889198588367,,44.71323748559371,2.6835215743844643,,,2.0,3.7986392200533,1.59439601555547,,-0.22188039038879026,-0.19712890995260657,,2.0,-1.7621976606259557,0.030142956511920223,33.74407582938389,356.0,0.8904384451904659,0.24265402843601896,0.5172211616150783,1.0,2.0,42.0,1055.0,0.0,0.0,41.0,1.0,2.380952380952381,0.0,0.0,97.61904761904762,2.380952380952381,,3.3827125097328232,0.1018957345971567,,1.4117810033993186,0.24107082602380436,,11.774168018977946,1.1311061611374407,,2.6154182195603193,0.8313081690630236,,46.88794675069531,2.6133805687203795,,5.71301396137191,2.030064187689424,0.8412017167381973,0.18672985781990523,0.5583532196748343,0.8412017167381973,0.18672985781990523,0.5583532196748343,0.8412017167381973,0.18672985781990523,0.5583532196748343,0.7736352895790134,0.21137440758293838,0.536546928403282,0.7736352895790134,0.21137440758293838,0.536546928403282,0.7736352895790134,0.21137440758293838,0.536546928403282,0.0,0.8175342785038016,0.17725118483412322,0.6087206592556598,9957
39,0.9275893675527039,0.9918903688485482,0.012280058651026392,0.9814756050433104,0.9918903688485482,0.012280058651026392,0.9814756050433104,0.9918903688485482,0.012280058651026392,0.9814756050433104,1.714632742265977,0.7815892099040225,0.30113636363636365,0.49953829515121695,0.004582111436950147,,0.9958751358011338,0.008797653958944282,0.9867161146745522,0.9958751358011338,0.008797653958944282,0.9867161146745522,0.9958751358011338,0.008797653958944282,0.9867161146745522,40.41422287390029,2205.0,,14.349591863774762,3.3511130865102645,,4.0,3.8301415530945007,1.715434632486698,,2.3688224584697655,2.0457923463465297,,,4.0,1.522257637806473,1.2512399704111532,,-1.6045954541834069,0.9102730938416421,,4.0,0.017563948445031872,0.802801137115973,6.011730205278592,328.0,0.7851146087594565,0.4741568914956012,0.35887995292075464,0.0,4.0,25.0,5456.0,0.0,0.0,24.0,1.0,0.0,0.0,0.0,96.0,4.0,,-0.96764411879064,1.2694878115835777,,0.7235806675034439,1.1190402725446185,,-0.07701671670886245,2.1581315065982407,,1.1760736714534508,1.287011259552107,,5.982887394313815,2.734725394061584,,2.5364207592298973,1.40088287461987,0.9970299294602991,0.009897360703812317,0.9850543933156274,0.9970299294602991,0.009897360703812317,0.9850543933156274,0.9970299294602991,0.009897360703812317,0.9850543933156274,0.9820594724584033,0.025109970674486802,0.9621173077579006,0.9820594724584033,0.025109970674486802,0.9621173077579006,0.9820594724584033,0.025109970674486802,0.9621173077579006,0.0,0.89644742724015,0.13581378299120234,0.7948927540031695,9960
40,0.925251256281407,0.8480407833063144,0.3044569993722536,0.6616553207049751,0.8480407833063144,0.3044569993722536,0.6616553207049751,0.8480407833063144,0.3044569993722536,0.6616553207049751,3.32181948968678,0.6837711578871418,0.8041431261770244,0.10619060091788526,0.1613308223477715,,0.8566598635492203,0.27746390458254866,0.6916684182869154,0.8566598635492203,0.27746390458254866,0.6916684182869154,0.8566598635492203,0.27746390458254866,0.6916684182869154,10.16949152542373,162.0,,19.61550943202227,0.6465787821720023,,10.0,4.646599171369229,0.5000622975823789,,-0.9633611989432367,0.3286252354048964,,,10.0,0.8093820477591855,0.45535053744781534,,-2.0009955944217177,0.04080351537978656,,10.0,-0.6138373506227716,0.1978968747933161,9.73006905210295,155.0,0.9851965663305575,0.14563716258631512,0.8381851035686968,0.0,10.0,257.0,1593.0,0.0,0.0,256.0,1.0,0.0,0.0,0.0,99.61089494163424,0.38910505836575876,,-1.7865540726248506,0.25878844946641555,,0.4481484384122261,0.4381065847772749,,-1.441320216941117,0.32485875706214695,,0.7486578591262748,0.46846899572874223,,-0.7853918227148153,0.3907721280602637,,1.1025394278531615,0.4872175903115843,0.8844064986604512,0.33584431889516636,0.6267660900205568,0.8844064986604512,0.33584431889516636,0.6267660900205568,0.8844064986604512,0.33584431889516636,0.6267660900205568,0.8040428166342236,0.35279347143753925,0.6079674135989195,0.8040428166342236,0.35279347143753925,0.6079674135989195,0.8040428166342236,0.35279347143753925,0.6079674135989195,0.0,0.9416184405733301,0.11487758945386065,0.8723386645436416,9964
41,0.6134020618556701,0.6042722247812068,0.3259005145797599,0.14779196799507618,0.6042722247812068,0.3259005145797599,0.14779196799507618,0.6042722247812068,0.3259005145797599,0.14779196799507618,0.8640904272487622,0.6296637494242284,0.2864493996569468,0.0,0.018867924528301886,181.12929170935587,0.6639077614002764,0.28987993138936535,0.14168358146544602,0.6639077614002764,0.28987993138936535,0.14168358146544602,0.6639077614002764,0.28987993138936535,0.14168358146544602,71.35506003430532,416.0,0.8009231574877496,150.9198836440821,290.5763293310462,0.00477057255121,2.0,10.54617721691246,288.9185290517341,0.8009231574877496,30.04207633619092,60.14487102267959,0.00477057255121,166.88826684641967,2.0,3.2908126195510525,82.43157657369557,0.8009231574877496,-0.5600656409430136,0.9470639039451115,0.00477057255121,2.0,-0.2856721864357383,0.31849195945867437,28.644939965694682,167.0,0.7150087195315136,0.43567753001715265,0.24145314468952656,2.0,2.0,11.0,583.0,0.0,0.0,9.0,2.0,18.181818181818183,0.0,0.0,81.81818181818183,18.181818181818183,0.8009231574877496,-0.07743311078942616,2.313979416809606,0.00477057255121,-0.03653502062858911,0.9404851449937466,0.8009231574877496,11.352528764019535,6.483190394511149,0.00477057255121,3.212402862087732,6.209521726180145,0.8009231574877496,43.871620582676755,95.31217838764996,0.00477057255121,5.728332961583485,212.77917260677316,0.6079715568862275,0.30360205831903947,0.034000168503038,0.6079715568862275,0.30360205831903947,0.034000168503038,0.6079715568862275,0.30360205831903947,0.034000168503038,0.5996372639336711,0.3156089193825043,0.20515708358032014,0.5996372639336711,0.3156089193825043,0.20515708358032014,0.5996372639336711,0.3156089193825043,0.20515708358032014,0.0,0.5985720865960387,0.3687821612349914,0.17342046780926257,9971
42,0.510580992689496,0.7580103550295858,0.2923076923076923,0.41538461538461546,0.7580103550295858,0.2923076923076923,0.41538461538461546,0.7580103550295858,0.2923076923076923,0.41538461538461546,1.0,0.6177597633136095,0.38461538461538464,0.23076923076923084,0.1926923076923077,,0.6231816568047337,0.3811538461538462,0.23769230769230765,0.6231816568047337,0.3811538461538462,0.23769230769230765,0.6231816568047337,0.3811538461538462,0.23769230769230765,50.0,1300.0,,0.5734776935095001,517.7488461538462,,2.0,0.17175350207412882,133.64132156388845,,0.08333149342441178,488.06103384615386,,,2.0,0.03294974368985296,24.752039667546956,,-0.9638894528844495,475.7761538461538,,2.0,-0.1191488199631622,0.5957395278041628,50.0,1300.0,0.6307242603550296,0.4096153846153846,0.1807692307692308,1.0,2.0,501.0,2600.0,0.0,0.0,500.0,1.0,0.19960079840319359,0.0,0.0,99.8003992015968,0.19960079840319359,,0.025813301496947494,480.0515384615385,,-0.0028560986952541625,11.6646922771091,,0.09616220991881574,485.0065384615385,,0.033266109127179554,23.362744675075838,,0.18066052758865603,494.3944230769231,,0.07116066518483971,35.6207158558933,0.7239408284023668,0.30346153846153845,0.3930769230769231,0.7239408284023668,0.30346153846153845,0.3930769230769231,0.7239408284023668,0.30346153846153845,0.3930769230769231,0.5111538461538462,0.4888461538461538,0.02230769230769236,0.5111538461538462,0.4888461538461538,0.02230769230769236,0.5111538461538462,0.4888461538461538,0.02230769230769236,0.0,0.5426923076923077,0.4573076923076923,0.08538461538461539,9976
43,0.9483228876508821,0.9686367703338319,0.05788481067749891,0.8575950374790288,0.9686367703338319,0.05788481067749891,0.8575950374790288,0.9686367703338319,0.05788481067749891,0.8575950374790288,0.8629999927875766,0.8367482155028956,0.14730886406499347,0.6512605890732787,0.003452778180763093,15.433382768601568,0.9465943360013134,0.05083417960249528,0.8752346230894502,0.9465943360013134,0.05083417960249528,0.8752346230894502,0.9465943360013134,0.05083417960249528,0.8752346230894502,71.43769041056144,24621.0,1.3684010617449387,4303.667763112215,0.9997583802118093,0.26071664300521,3.0,1.9602707656337477,0.4243820046715209,0.8436001792728078,306.44111775886785,0.793446450379068,0.055917746985664485,14.086447948074158,2.9,-6.856689216231444,0.17822321113432163,0.19985561336571578,-1.8414569295670808,0.3961681075874099,0.00070562141346,2.0,-65.61537184944294,0.015233850268560657,28.562309589438563,9844.0,0.9049229436282791,0.16494994922385028,0.5807524985587811,3.0,2.0,119.0,34465.0,0.0,0.0,89.0,30.0,2.5210084033613445,0.0,0.0,74.78991596638656,25.210084033613445,0.4286572966410164,0.9541178003586388,0.6643064992165901,0.0140682485819,-4.389057157328727,0.10860607736460212,0.9490127634484513,9.352204078698087,0.8096890143914115,0.03711930224461,-2.50411710865708,0.180800060227093,1.1435482253182636,27.39189390135551,0.9260137453648601,0.08081940797388,-0.8289415958475714,0.2340242351415639,0.9745841594905463,0.05266212099231104,0.8705624480207013,0.9745841594905463,0.05266212099231104,0.8705624480207013,0.9745841594905463,0.05266212099231104,0.8705624480207013,0.9273790728393275,0.06038009574931089,0.8524138497217182,0.9273790728393275,0.06038009574931089,0.8524138497217182,0.9273790728393275,0.06038009574931089,0.8524138497217182,0.30512857662936466,0.9394679270285271,0.052081822138401276,0.8725266430348593,9977
44,0.9155151993683379,0.7327664279696714,0.06314127861089187,0.0,0.8579034669356066,0.2490134175217048,0.20648153018980478,0.6374526116259478,0.0840568271507498,0.27471774377773167,0.3397904253160801,0.7327664279696714,0.06314127861089187,0.0,0.028808208366219414,,0.5,0.06314127861089187,0.0,0.5,0.06314127861089187,0.0,0.5,0.06314127861089187,0.0,93.68587213891081,2374.0,,77.65898710476209,10164.198441985003,,2.0,7.37646091154844,77.4101100876053,,1.4930547521290494,296.494606499841,,,2.0,0.08595601481421308,7.570160866371553,,-0.9765331961089503,-10.511409688239937,,2.0,-1.3083589753871372,0.24285789396290183,6.3141278610891876,160.0,0.8217510278493866,0.30386740331491713,0.16475175167633535,1.0,2.0,73.0,2534.0,0.0,0.0,72.0,1.0,1.36986301369863,0.0,0.0,98.63013698630137,1.36986301369863,,-0.260168431307105,1.8374475797158643,,-0.6536046299943934,1.1660936206969923,,0.2058839276126998,4.815862994080504,,0.0471494119269262,6.228337109415218,,1.0593317075159525,20.78420038506314,,0.5116487297426875,7.043592907600336,0.5,0.06314127861089187,0.0,0.5,0.06314127861089187,0.0,0.5,0.06314127861089187,0.0,0.6752435235888795,0.06314127861089187,0.0,0.7445108466722831,0.06314127861089187,0.0,0.7811354780960404,0.06393054459352802,0.009143221271747803,0.0,0.6566870261162595,0.07971586424625099,0.31421390253967035,9978
45,0.0,0.9610865162037038,0.1935185185185185,0.7822916666666667,0.9610865162037038,0.1935185185185185,0.7822916666666667,0.9610865162037038,0.1935185185185185,0.7822916666666667,3.169925001442312,0.6548924575617284,0.8111111111111111,0.08750000000000001,0.7935185185185185,,0.9595216049382715,0.13703703703703704,0.8458333333333333,0.9595216049382715,0.13703703703703704,0.8458333333333333,0.9595216049382715,0.13703703703703704,0.8458333333333333,11.11111111111111,120.0,,1080.000000000071,0.43703703703703717,,9.0,32.8633534503123,0.6177168929917766,,636.4605777891991,0.008213265835929394,,,9.0,23.162381936883794,0.06570782004442138,,-1.2594168339817067,0.0009259259259259213,,9.0,0.6326488459305618,0.03042903097250871,11.11111111111111,120.0,0.9858796296296296,0.08333333333333333,0.9062500000000001,0.0,9.0,857.0,1080.0,0.0,0.0,856.0,1.0,0.0,0.0,0.0,99.88331388564761,0.11668611435239205,,211.99036707099788,0.000925925925925934,,14.614985291676152,0.030429030972508955,,537.4925736865786,0.001851851851851852,,23.20554284633016,0.04301320245082162,,1080.0000000000284,0.004629629629629657,,32.863353450311216,0.07436270270712358,0.9466849922839506,0.22962962962962963,0.7416666666666667,0.9466849922839506,0.22962962962962963,0.7416666666666667,0.9466849922839506,0.22962962962962963,0.7416666666666667,0.8760416666666667,0.22037037037037038,0.7520833333333333,0.8760416666666667,0.22037037037037038,0.7520833333333333,0.8760416666666667,0.22037037037037038,0.7520833333333333,0.0,0.9059167631172839,0.18888888888888888,0.7875,9981
46,0.3678273663560569,0.7090827191037619,0.4851258581235698,0.346242749551416,0.7090827191037619,0.4851258581235698,0.346242749551416,0.7090827191037619,0.4851258581235698,0.346242749551416,2.3000070580673455,0.5958041430205936,0.582543314808761,0.0,0.008499509643674403,,0.7129106639983,0.465675057208238,0.375395542857667,0.7129106639983,0.465675057208238,0.375395542857667,0.7129106639983,0.465675057208238,0.375395542857667,41.745668519123896,2554.0,,2944.6525317078385,0.052954623733246275,,6.0,53.784844915558836,1.5063662920278478,,228.1908672595734,-0.0005510331198841205,,,6.0,7.440976027873651,0.9916438519187979,,-0.971971602375862,-0.04091056701536289,,6.0,-1.875764427110436,0.8394622129143448,7.943772474664923,486.0,0.620496665896741,0.8345864661654135,0.05473977746349635,0.0,6.0,52.0,6118.0,0.0,0.0,51.0,1.0,0.0,0.0,0.0,98.07692307692307,1.9230769230769231,,1.3326773975344213,-0.0081597994442654,,1.3330441633458074,0.9727856745152441,,15.286501444565163,-0.002469232265446736,,3.1426279908840025,0.99719270235299,,137.49118065052153,0.002845900948022519,,10.454373740045988,1.0036680416341404,0.7474597786162569,0.5052304674730304,0.3022006426588284,0.7474597786162569,0.5052304674730304,0.3022006426588284,0.7474597786162569,0.5052304674730304,0.3022006426588284,0.6943273232081051,0.4870872834259562,0.3568830760926545,0.6943273232081051,0.4870872834259562,0.3568830760926545,0.6943273232081051,0.4870872834259562,0.3568830760926545,0.0,0.716082344973639,0.4635501797973194,0.3867635866819356,9985
47,0.9992706053975201,0.8344961490469428,0.19314868804664723,0.6220644978877691,0.9528828363667657,0.12463556851311954,0.7466787022320504,0.9382578202314874,0.061224489795918366,0.8763125584909549,0.9911281257467461,0.8344961490469428,0.19314868804664723,0.6220644978877691,0.0036443148688046646,,0.9854814767006583,0.021137026239067054,0.9571796328821847,0.9854814767006583,0.021137026239067054,0.9571796328821847,0.9854814767006583,0.021137026239067054,0.9571796328821847,55.539358600583085,762.0,,1.2704759156366023,1.9223531209912545,,2.0,1.0885685435217796,5.8690467435803795,,0.14479469144119225,0.6405147434402338,,,2.0,-0.1192914188861707,3.7807131392201496,,-0.7515813814324717,-1.1916565211370262,,2.0,-1.022243043654092,2.101013136739067,44.460641399416915,610.0,0.9396067294866831,0.1588921282798834,0.6763618735987396,1.0,2.0,5.0,1372.0,0.0,0.0,4.0,1.0,20.0,0.0,0.0,80.0,20.0,,-0.6729889170841984,-0.785308576530612,,-0.8652081513981438,2.2864504991155923,,0.030142115780319223,0.9156811869533534,,-0.27174558770618523,3.576396338280576,,1.077230875627456,1.79117161989796,,0.7790794824458168,5.47929258026428,0.8344961490469428,0.19314868804664723,0.6220644978877691,0.9101996471752506,0.11443148688046648,0.7692363729859445,0.9400972419431177,0.07434402332361516,0.8515038072681896,0.8148164881029215,0.22448979591836735,0.5620538416256953,0.9330450496966567,0.09912536443148688,0.8005251139599922,0.9764080719418269,0.0663265306122449,0.8674539679304253,0.0,0.9986876640419947,0.0014577259475218659,0.9970492846881102,10093
48,0.7309236947791165,0.635053222945003,0.24197860962566844,0.02063078703703703,0.635053222945003,0.24197860962566844,0.02063078703703703,0.635053222945003,0.24197860962566844,0.02063078703703703,0.7916446298452329,0.6777646363098758,0.23796791443850268,0.0,0.0066844919786096255,,0.6960230632761679,0.22459893048128343,0.32603938730853393,0.6960230632761679,0.22459893048128343,0.32603938730853393,0.6960230632761679,0.22459893048128343,0.32603938730853393,76.20320855614973,570.0,,15.876151978542005,1378.6764705882335,,2.0,3.2112654741848643,1459.826780772504,,10.224505250350347,356.99498663101565,,,2.0,2.263111192925173,374.5345494748768,,-0.24563117940242574,5.514705882352952,,2.0,0.7494502906271294,5.8393071230900295,23.796791443850267,178.0,0.6667800118273212,0.2446524064171123,0.14966206142530555,1.0,2.0,5.0,748.0,0.0,0.0,4.0,1.0,20.0,0.0,0.0,80.0,20.0,,2.1636136713782106,6.512700534759367,,1.0322036011463176,6.403329251142325,,12.633750101130904,21.89438502673798,,2.5458645034443492,16.23605500195668,,15.876151978541927,1042.5778743315495,,3.2112654741848523,1100.9642641715316,0.7011186674551547,0.23796791443850268,0.17490456596103332,0.7011186674551547,0.23796791443850268,0.17490456596103332,0.7011186674551547,0.23796791443850268,0.17490456596103332,0.5678050463236743,0.2874331550802139,0.13567374666781304,0.5678050463236743,0.2874331550802139,0.13567374666781304,0.5678050463236743,0.2874331550802139,0.13567374666781304,0.0,0.6044253893159865,0.28609625668449196,0.1486618729523889,10101
49,0.5140220734575719,,,,,,,,,,0.9906239227414301,,,,0.002804161013116237,19.057464686936783,,,,,,,,,,55.69425599276345,6157.0,1.5804621985076048,,,0.49948275653695,3.0,,,0.8349962447495504,,,0.05198088722790433,15.063524292854096,2.2580645161290325,,,0.2561389659388827,,,5.321e-09,2.0,,,44.30574400723655,4898.0,,,,23.0,2.0,31.0,11055.0,0.0,0.0,0.0,31.0,74.19354838709677,0.0,0.0,0.0,100.0,0.5710587174076079,,,0.001051012802985,,,0.7003712324940401,,,0.004244512283695,,,0.995608283342358,,,0.0397568479047425,,,,,,,,,,,,,,,,,,,,,0.44480272297456935,,,,14952
50,0.8107606679035251,,,,,,,,,,0.9824740868386409,,,,0.07407407407407407,17.865232787058883,,,,,,,,,,57.77777777777777,312.0,4.990635883856907,137.5773376192269,37287.53148148148,0.21641365622803,71.0,11.529524541398013,8728.998307250762,1.2969484630437182,10.368503105342029,2198.8837376686497,0.05499363476250474,22.583610515011674,7.300000000000001,1.1927454607437136,506.96027814740194,-0.0,-1.7519473536570338,0.0381443298969073,0.0,1.0,-1.9488541000808837,0.19335382071184595,42.22222222222222,228.0,,,,4.0,2.0,40.0,540.0,263.0,999.0,18.0,22.0,10.0,48.7037037037037,4.625,45.0,55.00000000000001,0.36055986437557463,0.37665114446358827,2.129277746760649,0.00779021646024,-0.1845958110265551,1.0956764055185744,1.1252520659100518,1.464910851899946,32.83731440057058,0.04690027695841,0.415206246052901,4.758435432271211,1.393805644206522,5.481462049036416,61.366191073536854,0.09383719225758,1.3062309747712189,8.30257332363641,,,,,,,,,,,,,,,,,,,15.566833839592228,,,,14954
51,0.8430878124308782,0.8105539399863388,0.09928999579748292,0.42640597317081286,0.8105539399863388,0.09928999579748292,0.42640597317081286,0.8105539399863388,0.09928999579748292,0.42640597317081286,0.5206312212538164,0.7045483801183152,0.11698480458295547,0.0,0.0003760146866912919,34.9542587684117,0.8353375464269146,0.0982504257813364,0.47916071379073233,0.8353375464269146,0.0982504257813364,0.47916071379073233,0.8353375464269146,0.0982504257813364,0.47916071379073233,88.30151954170445,39922.0,3.0553529819894245,4506.860660183506,1362.2720576850834,0.04241125452275,12.0,41.8464544726404,3044.765829168598,1.421499421542609,673.0300915847718,245.8171083522661,0.014894643445402223,94.4369553560147,4.6,8.806191925400729,489.5378696495152,0.13021221197171914,-1.0598973728281538,0.5803233726304275,0.00042448835011,2.0,0.0930790140210778,2.303441044931419,11.698480458295547,5289.0,0.859062753739849,0.12174028444405123,0.4313532734996685,4.0,2.0,17.0,45211.0,0.0,0.0,7.0,10.0,23.52941176470588,0.0,0.0,41.17647058823529,58.82352941176471,0.7859331318222267,0.31957037591073023,2.7638406582469046,0.0033899011701099997,0.6848179257252203,3.098020883280205,1.1775253842799875,18.153915269020615,40.19782796221632,0.01192288929849,3.144318099423396,10.618762040975437,2.2761413337981047,140.75154662504147,258.16307978146995,0.02739533862674,8.360308326165555,257.5278122651707,0.8799414790965657,0.10238658733494062,0.43894129166412094,0.8799414790965657,0.10238658733494062,0.43894129166412094,0.8799414790965657,0.10238658733494062,0.43894129166412094,0.6859941690607518,0.13304284355577184,0.35215404064906,0.6859941690607518,0.13304284355577184,0.35215404064906,0.6859941690607518,0.13304284355577184,0.35215404064906,3.9777157040470126,0.6363436044775874,0.13127336267722456,0.3030372783243323,14965
52,0.960595623987034,,,,,,,,,,2.193423736133549,,,,0.003342449103615922,,,,,,,,,,,29.87946925959688,2950.0,,193.89795794737927,0.011116396597791957,,5.0,7.171537944883619,0.013351214902817645,,47.822308711805,0.0013097793076762383,,,5.0,0.9535035837473849,0.005340125416350268,,7.60172743206796,-1.4722551402815979e-05,,5.0,-1.8838558879721448,0.0009539442477959262,10.108376380026336,998.0,,,,0.0,5.0,33.0,9873.0,0.0,0.0,32.0,1.0,0.0,0.0,0.0,96.96969696969697,3.0303030303030303,,10.692874878818031,-7.294024106148108e-07,,-0.529067434746491,0.0016894363730024025,,32.23273656863213,1.231754431277217e-05,,0.2510938167743828,0.004344638070150883,,52.88939311045483,0.0009602516251392687,,2.3728794681232115,0.008791262132633587,,,,,,,,,,,,,,,,,,,0.0,,,,14969
53,0.9612546125461254,0.9682595475295169,0.07272550733080882,0.9125203320075214,0.9682595475295169,0.07272550733080882,0.9125203320075214,0.9682595475295169,0.07272550733080882,0.9125203320075214,2.575922876294277,0.7973312056354189,0.644334401398194,0.21521262084446727,0.05456840469948539,,0.9642337528505573,0.06990969997087096,0.9159032915070736,0.9642337528505573,0.06990969997087096,0.9159032915070736,0.9642337528505573,0.06990969997087096,0.9159032915070736,18.87561899213516,1944.0,,373.42928228206466,0.8302754956791922,,6.0,14.029483769964823,0.7494800592617996,,13.662956850925584,-0.508620217585114,,,6.0,1.6370975866256592,0.2792315145321125,,-1.84735338612056,-0.9845489552383727,,6.0,-3.490402092260489,0.03712816435011012,13.651810855422857,1406.0,0.9584285762566731,0.25138362947859016,0.6984037726427255,0.0,6.0,562.0,10299.0,0.0,0.0,561.0,1.0,0.0,0.0,0.0,99.8220640569395,0.1779359430604982,,-0.269332639174376,-0.8685016383143995,,0.15452664688591056,0.1888926653502636,,0.5868977420794415,-0.660284334498495,,0.8690285490639719,0.26311639943893306,,8.90467898653428,-0.10336787090979707,,2.415984753564313,0.3572807368500376,0.9873116120261966,0.07952228371686572,0.9043636136954779,0.9873116120261966,0.07952228371686572,0.9043636136954779,0.9873116120261966,0.07952228371686572,0.9043636136954779,0.9110238047800038,0.1479755316050102,0.8220355956111729,0.9110238047800038,0.1479755316050102,0.8220355956111729,0.9110238047800038,0.1479755316050102,0.8220355956111729,0.0,0.9748721519915736,0.04223711039906787,0.9491895793104511,14970
54,0.4729458917835671,,,,,,,,,,0.9814538950336535,,,,0.026,30.473106715455046,,,,,,,,,,57.99999999999999,290.0,2.8085450978410593,-0.5820891187268162,3.5286,0.04980682279954,24.0,-1.1647649580553958,2.005364059222174,2.229601148769659,-0.5820891187268162,3.5286,0.03220721484678454,68.22676050618685,13.083333333333334,-1.1647649580553958,2.005364059222174,1.3729342705988772,-0.5820891187268162,3.5286,0.00520546565465,2.0,-1.1647649580553958,2.005364059222174,42.0,210.0,,,,1.0,2.0,13.0,500.0,401.0,835.0,1.0,12.0,7.6923076923076925,80.2,12.846153846153847,7.6923076923076925,92.3076923076923,1.9828514861071393,-0.5820891187268162,3.5286,0.02698419264909,-1.1647649580553958,2.005364059222174,2.3216763221266055,-0.5820891187268162,3.5286,0.03539008404906,-1.1647649580553958,2.005364059222174,2.57118554925015,-0.5820891187268162,3.5286,0.04339185153236,-1.1647649580553958,2.005364059222174,,,,,,,,,,,,,,,,,,,7.549332701797176,,,,125920
55,0.9981814875431897,,,,,,,,,,3.459431618637298,,,,0.007454545454545454,,,,,,,,,,,9.090909090909092,500.0,,11.448611212294171,-0.24215909090909102,,11.0,2.6688506796156806,0.3483659144675927,,1.1981350593397597,-0.6055166227272727,,,11.0,0.2853136375729942,0.23320130174567713,,-1.080511792253421,-1.0983054545454545,,11.0,-1.140240981713934,0.13897688217291798,9.090909090909092,500.0,,,,0.0,11.0,41.0,5500.0,0.0,0.0,40.0,1.0,0.0,0.0,0.0,97.5609756097561,2.4390243902439024,,-0.6186434590446399,-0.7075200454545454,,-0.2864494969993817,0.20057235692977396,,0.030664066794594103,-0.5804279999999999,,0.027156539944742052,0.222246727329651,,1.086225225943642,-0.48527563636363624,,0.5188938465004845,0.25351127147986313,,,,,,,,,,,,,,,,,,,0.0,,,,125922
56,0.619634081354728,,,,,,,,,,1.2184443563726473,,,,0.00063649954852939,205.8423168749682,,,,,,,,,,65.8303358645292,44473.0,1.579788777244021,,,0.03037979731141,3.0,,,0.6800133933213216,,,0.005919309376568809,113.88052913961707,3.0,,,0.014725387910864337,,,0.00020270001754,3.0,,,9.546012996432642,6449.0,,,,0.0,3.0,43.0,67557.0,0.0,0.0,0.0,43.0,0.0,0.0,0.0,0.0,100.0,0.16024609028721376,,,0.0009071445225075,,,0.558635291902466,,,0.00167365529396,,,1.2193606106991517,,,0.00828138447796,,,,,,,,,,,,,,,,,,,,,0.0,,,,146195
57,0.9935125115848007,,,,,,,,,,2.993026787316555,,,,0.07592592592592592,,,,,,,,,,,13.88888888888889,150.0,,62.54850588815514,3.843933946299907,,8.0,4.738900324275432,1.2951694678998307,,4.539576265311827,0.6718868120257284,,,8.0,0.7856041308218359,0.15821417818483133,,-0.737462966449089,0.12088914805462964,,8.0,-0.8812167378685444,0.013233318836526299,9.722222222222223,105.0,,,,3.0,8.0,82.0,1080.0,528.0,1396.0,77.0,5.0,3.6585365853658534,48.888888888888886,1.5763324299909665,93.90243902439023,6.097560975609756,,0.21007824919108353,0.194287056601043,,0.03001495604201651,0.03224130544967179,,0.892962900950149,0.37851854251532036,,0.4589498552493325,0.0664321589555671,,2.288843620529632,0.792429770604921,,0.9742697242064902,0.23056986700195908,,,,,,,,,,,,,,,,,,,0.0,,,,146800
58,0.9969072164948454,,,,,,,,,,2.410690442272441,,,,0.014425553838227717,,,,,,,,,,,34.672849046883044,673.0,,1663.0518475718168,1650738.7053065428,,7.0,39.29315840666627,1774590.0890002127,,109.58603680278617,130102.82519640494,,,7.0,3.741247383978769,150690.09152629806,,-1.8563564132863728,-0.13130504894384337,,7.0,-0.9285824124769803,0.05896116935205036,2.833590932509016,55.0,,,,0.0,7.0,28.0,1941.0,0.0,0.0,27.0,1.0,0.0,0.0,0.0,96.42857142857143,3.571428571428571,,-1.1451434601009174,0.5707671303451829,,-0.05630567708206869,0.29971174873659295,,-0.04144810979215219,1.4032713034518285,,0.6793387184952049,0.5008680465381182,,11.357193596470214,571.13601236476,,2.8111689562368927,426.4828792177641,,,,,,,,,,,,,,,,,,,0.0,,,,146817
59,0.8385899814471243,,,,,,,,,,0.42019103708517647,,,,0.03888888888888889,,,,,,,,,,,91.48148148148148,494.0,,-1.198660524166188,0.5001191462170517,,2.0,0.0012745617924135406,0.2891269143109756,,-1.2000057830744848,0.5000220580606144,,,2.0,5.469199016643653e-06,0.2889411478462484,,-1.201386143326147,0.4999131336948215,,2.0,-0.0008327431520984548,0.28881338565157183,8.518518518518519,46.0,,,,1.0,2.0,21.0,540.0,0.0,0.0,20.0,1.0,4.761904761904762,0.0,0.0,95.23809523809523,4.761904761904762,,-1.2003355907840976,0.49997450660370557,,-0.0005817142360971214,0.2888577473910774,,-1.1999914486567023,0.5000268872458846,,-0.0001809025119065503,0.28893753820946944,,-1.1994875413840975,0.500063012002607,,0.0003886941230003085,0.28901043171538754,,,,,,,,,,,,,,,,,,,0.0,,,,146819
60,0.9654816039685821,,,,,,,,,,0.3028903171988337,,,,0.0012399256044637321,,,,,,,,,,,94.60632362058277,4578.0,,119.73943496687266,525.8003007679273,,2.0,7.731518525098008,156.57929723632222,,48.007919021166046,204.9711689027485,,,2.0,3.3734293299197606,61.20547449945019,,-0.015316501844536479,24.482006945443274,,2.0,-0.7507825285801034,10.726996780258213,5.3936763794172355,261.0,,,,1.0,2.0,6.0,4839.0,0.0,0.0,5.0,1.0,16.666666666666664,0.0,0.0,83.33333333333334,16.666666666666664,,3.7482191323323577,70.3936691714197,,-0.2828213494833627,12.088756485093683,,17.188504891514963,126.85554692643107,,2.504862838348532,62.005621735314286,,107.67732597482527,378.606479622236,,7.463963255108498,109.92211889587466,,,,,,,,,,,,,,,,,,,0.0,,,,146820
61,0.5993051534452808,,,,,,,,,,1.2057409700121753,,,,0.004050925925925926,10.538249177645039,,,,,,,,,,70.02314814814815,1210.0,2.0,,,0.26218435655426,4.0,,,1.792481250360578,,,0.11441568230991667,14.666394799843093,3.5714285714285716,,,1.584962500721156,,,0.00448571662663,3.0,,,3.761574074074074,65.0,,,,0.0,4.0,7.0,1728.0,0.0,0.0,0.0,7.0,0.0,0.0,0.0,0.0,100.0,1.584962500721156,,,0.023627535092364996,,,1.792481250360578,,,0.085076458045545,,,2.0,,,0.2302933116434975,,,,,,,,,,,,,,,,,,,,,0.5345224838248487,,,,146821
62,0.14811606756171503,,,,,,,,,,2.8073549220576046,,,,0.008658008658008658,,,,,,,,,,,14.285714285714285,330.0,,339.2210942729759,123.41731601731603,,7.0,16.900935254869903,58.8115278655523,,40.85442969559988,19.061993650369025,,,7.0,3.5132176397858323,22.66794681378161,,-0.7504723612310435,-12.69086035930736,,7.0,-0.8853608418421668,0.0,14.285714285714285,330.0,,,,0.0,7.0,20.0,2310.0,0.0,0.0,19.0,1.0,0.0,0.0,0.0,95.0,5.0,,0.13776963726675429,0.011928800000000003,,0.863048794831639,1.216079013482226,,0.8102543975182814,6.97650622012643,,1.3314822169934089,15.577689936444415,,35.91283983801798,34.872099380551944,,5.413962653551828,43.07318493146215,,,,,,,,,,,,,,,,,,,0.0,,,,146822
63,0.9954977488744372,,,,,,,,,,3.321928094887362,,,,0.1205,,,,,,,,,,,10.0,200.0,,18.116346562002022,6.276500000000001,,10.0,4.302409293941676,2.8884159107089418,,-0.8278608187397457,4.026270833333333,,,10.0,-0.036370343042858966,2.446120142031429,,-1.9183986446879169,1.1749999999999996,,10.0,-2.338510612778035,0.690371861139572,10.0,200.0,,,,0.0,10.0,241.0,2000.0,0.0,0.0,240.0,1.0,0.0,0.0,0.0,99.5850622406639,0.4149377593360996,,-1.7691069956624201,3.3512500000000025,,-0.688928321379161,2.22524038654539,,-1.5502761084810714,4.097750000000009,,-0.18381447481455887,2.6203612762044526,,-0.6835834785544948,4.934374999999997,,0.3824727578458295,2.7295534730412387,,,,,,,,,,,,,,,,,,,0.0,,,,146824
64,0.10150145002071458,,,,,,,,,,3.321928094887362,,,,0.011214285714285715,,,,,,,,,,,10.0,7000.0,,26177.852748162622,161.74012857142864,,10.0,155.9112034980039,103.64573751798912,,199.67314962624167,72.9698114249271,,,10.0,3.6219221106554937,70.07662618918485,,-1.7365214287258124,0.0007714285714282851,,10.0,-0.8681746554596874,0.08733891056789853,10.0,7000.0,,,,0.0,10.0,785.0,70000.0,0.0,0.0,784.0,1.0,0.0,0.0,0.0,99.87261146496816,0.12738853503184713,,-1.4798152790462176,24.10008571428567,,-0.04744690653768246,57.74199202850628,,-0.7892598867328735,76.12295000000023,,0.6561051172282428,81.31604827996804,,4.471188526952368,112.82209642857113,,2.3599400603770233,90.54833301484742,,,,,,,,,,,,,,,,,,,0.0,,,,146825
65,0.70083448614396,,,,,,,,,,1.3491090889091475,,,,0.00015618376135121266,,,,,,,,,,,51.45585577545238,23062.0,,-1.2472680868231014,4.158705013498925,,3.0,4.447057582454996e-05,2.755325519164452,,-1.3344777899267701,3.719579493815916,,,3.0,-0.20974685976979507,2.523533407939939,,-1.4216741939065332,2.9999330641022834,,3.0,-0.6292509535278843,2.101920224142268,9.672237220821527,4335.0,,,,0.0,3.0,7.0,44819.0,0.0,0.0,6.0,1.0,0.0,0.0,0.0,85.71428571428571,14.285714285714285,,-1.421674193906531,2.9999497980767127,,-0.6292509535278727,2.101940128103485,,-1.3344910890506623,4.0000892478635866,,-2.7193033543772342e-05,2.7133412112056208,,-1.2472680868231243,4.158705013498925,,3.411559014046055e-05,2.755325519164451,,,,,,,,,,,,,,,,,,,0.0,,,,167119
66,0.49966257955335913,,,,,,,,,,0.9999228673926669,,,,0.00022840531561461793,,,,,,,,,,,50.517026578073086,48658.0,,-1.1273569064301712,0.5171499966289026,,2.0,0.06818169405217256,0.30074296229229786,,-1.2005501277473178,0.5009744863032921,,,2.0,-0.002565864884213646,0.29037948941871544,,-1.3004674163038363,0.48607061220705816,,2.0,-0.10028720687526763,0.2828708091524973,49.482973421926914,47662.0,,,,1.0,2.0,22.0,96320.0,0.0,0.0,21.0,1.0,4.545454545454546,0.0,0.0,95.45454545454545,4.545454545454546,,-1.234248924899548,0.49413462683542253,,-0.02930209563738473,0.28671318515360833,,-1.1927320077073131,0.5013077730128551,,0.005062186068544294,0.29036531103271035,,-1.1651576889799782,0.5059519529477954,,0.018434812757753702,0.29363111934603986,,,,,,,,,,,,,,,,,,,0.0,,,,167120
67,0.9995108642485244,,,,,,,,,,5.5235619560570095,,,,0.011141304347826087,,,,,,,,,,,2.1739130434782608,2000.0,,27.70170878634333,163.71332608695656,,46.0,5.207717655045808,115.16200053583661,,-0.27132459428504024,61.250598675271796,,,46.0,0.9291540443087587,77.05396737055445,,-1.8397895545847154,0.0,,46.0,-0.6101155606053595,0.0,2.1739130434782608,2000.0,,,,0.0,46.0,1025.0,92000.0,0.0,0.0,1024.0,1.0,0.0,0.0,0.0,99.90243902439025,0.0975609756097561,,-1.5597479227826985,19.584763586956026,,0.4909297274034581,59.85722469443323,,-1.2954857062863232,75.25985869565255,,0.709154340652421,103.57123575165997,,-0.3580469428409333,92.53509510869814,,1.1977973128960633,108.33302415592964,,,,,,,,,,,,,,,,,,,0.0,,,,167121
68,0.0986516441940699,,,,,,,,,,3.321928094887362,,,,0.05121666666666667,,,,,,,,,,,10.0,6000.0,,-0.3916993062151537,140.55893333333302,,10.0,0.5522811186855636,80.39663857171094,,-0.7583784658177144,120.84449672851565,,,10.0,0.20190485126859392,63.290201890562464,,-1.3247857118006499,99.97718333333357,,10.0,-0.07885944658291985,57.46430398342458,10.0,6000.0,,,,0.0,10.0,3073.0,60000.0,0.0,0.0,3072.0,1.0,0.0,0.0,0.0,99.96745850959974,0.03254149040026033,,-0.8463004771452483,114.15132083333367,,0.0921962682494872,60.02352011592343,,-0.7309628357059785,121.73080000000027,,0.1662982798773079,61.54224833294053,,-0.6458422900492707,127.95783749999985,,0.26224955925555854,65.19082684651713,,,,,,,,,,,,,,,,,,,0.0,,,,167124
69,0.9996949359365467,,,,,,,,,,0.5841908881393563,,,,0.47544983226593474,122.58576196805384,,,,,,,,,,86.00182982616651,2820.0,0.865983462580426,73.92065862808847,112.65934736200005,0.15500090115456,2.0,7.516081525401603,130.6572049825471,0.05957015607816046,29.14202325852814,53.958871149740645,0.004765568845520558,11.500114468843318,2.0,3.8627008692966065,63.6169039473774,0.01356615420417003,2.624821454812822,2.826293229643188,1.0538868e-07,2.0,1.714678922004172,5.426729798344788,13.998170173833484,459.0,,,,1556.0,2.0,1559.0,3279.0,0.0,0.0,3.0,1556.0,99.80756895445798,0.0,0.0,0.19243104554201412,99.80756895445798,0.03240582222560017,2.624821454812822,2.826293229643188,0.00066459163555,1.714678922004172,5.426729798344788,0.042138791111240304,10.880589692683127,46.390972857578696,0.00106440096551,2.3573421604840448,54.766777061240305,0.06027488180013264,73.92065862808847,112.65934736200005,0.00430746098395,7.516081525401603,130.6572049825471,,,,,,,,,,,,,,,,,,,0.0,,,,167125
70,0.37551020408163266,,,,,,,,,,1.479795160554579,,,,0.05681104833647207,68.4252660678462,,,,,,,,,,51.914626490897675,1654.0,0.9999954518641249,,,0.3836322812069,3.0,,,0.806063119106517,,,0.021626443645645557,36.27210688516585,2.005524861878453,,,0.5809082509511699,,,1.94477877e-06,2.0,,,24.01129943502825,765.0,,,,180.0,3.0,181.0,3186.0,0.0,0.0,0.0,181.0,99.4475138121547,0.0,0.0,0.0,100.0,0.7666079548971201,,,0.0019807880110900003,,,0.8080280988873699,,,0.0051585759646299995,,,0.847932858515394,,,0.0160557352532625,,,,,,,,,,,,,,,,,,,,,0.07432941462471664,,,,167140
71,0.7583516703340668,,,,,,,,,,0.5878935751446988,,,,0.0042,24.360825821958965,,,,,,,,,,85.86,4293.0,2.2775043889558475,3.2681836469481524,2499.5,0.05024213240489,10.0,1.3606924794023325,1443.5200033252052,1.2659352523597343,0.18476979395658538,224.32242362499997,0.024132744080242498,51.457161446308824,3.8,0.1395287334036911,109.24068657540887,0.45164043671574877,-1.1999999999999262,2.7711959999999998,8.063806707e-05,2.0,-0.21028611467847197,0.7455137072660346,14.14,707.0,,,,3.0,2.0,21.0,5000.0,0.0,0.0,16.0,5.0,14.285714285714285,0.0,0.0,76.19047619047619,23.809523809523807,0.5471325281256134,-0.021262334366557556,9.328744,0.00251891414912,-0.04852515449147719,3.1452576112172346,1.1672980918836702,0.08236840614015817,65.284434,0.023104102924505,-0.011004011473661496,17.314988016366375,2.083375137069919,0.19398732998733603,160.28132499999998,0.0467752151671025,0.019315373507701978,47.81948183011039,,,,,,,,,,,,,,,,,,,3.492849839314596,,,,167141
